user_name,user_location,user_description,user_created,user_followers,user_friends,user_favourites,user_verified,date,text,hashtags,source,is_retweet
ChefSam,Sunshine State,Culinarian | Hot Sauce Artisan | Kombucha Brewer | Nature Lover | Runner | #BITCOIN | 🧡💜 Nostr: npub1zfxzty3up9zmn3ky3se49vg6km69murefh480246retaevwq,2011-03-23 03:50:13,4680,2643,6232,False,2023-03-01 23:59:59,Which #bitcoin books should I think about reading next? https://t.co/32gas26rKB,['bitcoin'],Twitter for iPhone,False
Roy⚡️,,Truth-seeking pleb 📚 • Science 🧪 • Nature 🌱☀️ • 🌽 stacker • Freedom 🦅 • Dad 👨‍🍼🧡,2022-01-30 17:41:41,770,1145,9166,False,2023-03-01 23:59:47,"@ThankGodForBTC I appreciate the message, but not a fan of the religious references. Religion has nothing to do with #Bitcoin.",['Bitcoin'],Twitter for iPhone,False
Ethereum Yoda,,"UP or DOWN...
.
.
.
.
Price matters NOT.",2022-07-24 04:50:18,576,1,0,False,2023-03-01 23:59:42,"#Ethereum price update: 

#ETH $1664.02 USD
#Bitcoin 0.070428 #BTC

Follow for recent ETH price updates
#altcoin, #cryptocurrency, #crypto","['Ethereum', 'ETH', 'Bitcoin', 'BTC', 'altcoin', 'cryptocurrency', 'crypto']",Twitter Web App,False
Viction,"Paris, France","https://t.co/8M3rgdjwEe

#bitcoin #blockchain #crypto #LSTM #prediction #machinelearning",2010-03-26 10:15:26,236,1829,2195,False,2023-03-01 23:59:36,"CoinDashboard v3.0 is here
Available on ios and Android
#Bitcoin https://t.co/tMCQllv9rj",['Bitcoin'],Twitter for Android,False
Rosie,London,"The flower language of jasmine is loyalty, respect, purity, chastity, simplicity, exquisiteness and charm. It is the flower of love in some countries",2013-02-16 09:57:56,12731,46,134,False,2023-03-01 23:59:32,"#Bitcoin Short Term Fractal (4H)💥

In lower timeframe, #BTC price action seems to be repeating itself while LMACD is reproducing the same sequence. 🫡 https://t.co/2MG9yL7SDa","['Bitcoin', 'BTC']",Twitter Web App,False
AkinHack,United States,Professional Recovery Services | •Crypto | •iCloud ID | •Instagram | Snapchat | DM 247| •Account Recovery | •iMessage | spying | Follow and Inbox Me | •NotFree,2014-11-08 04:50:03,197,48,13,False,2023-03-01 23:59:27,Y’all Message me for any account recovery or hacking #CYBER #security #Coinbase #Bitcoin #BNB #facebook #snapchat #instagram.,"['CYBER', 'security', 'Coinbase', 'Bitcoin', 'BNB', 'facebook', 'snapchat', 'instagram']",Twitter for Android,False
CAIR (Pump/Dump),,CAIR is a smart method to find PUMP/DUMP using the latest advanced AI techniques (not investment advice). PUMP-DUMP results https://t.co/9FJGx30Qlr,2021-08-30 18:15:59,5976,1,107,False,2023-03-01 23:59:24,"PUMP : 4-Hour Chart (1x!) (NORMAL)
Coin    : #FILUSDT
 
Entry   : 7.17
R1        : 8.17 (% 12.2)
R2       : 9.22 (% 22.2)
S1        : 6.86 (% -4.3)
 
Time   : 01/03/2023 23:59 (UTC)
Chart  : https://t.co/zKtYat6duH
 
#FIL #Bitcoin $FIL","['FILUSDT', 'FIL', 'Bitcoin']",BinanceTW,False
NFTevening,👇 Join 25k+ NFT Enthusiasts ,"The best newsletter for NFT, Metaverse, and Blockchain Games. | Contributing to the widespread adoption of NFTs! | 💟 Subscribe https://t.co/FKeDZV8y8J",2021-05-10 15:24:23,26940,2050,12198,False,2023-03-01 23:59:16,"📰TwelveFold by @yugalabs Unveils Unique #Bitcoin Collection

🟣The Yuga Labs team has created an exciting limited-edition collection of only 300 generative pieces.

🟣Each piece is inscribed on satoshis on the Bitcoin blockchain, making them truly unique and collectible.

#NFTs https://t.co/UqSa1MkQiJ","['Bitcoin', 'NFTs']",Hypefury,False
AbdeL,,#sol #NFT,2022-01-26 19:24:49,792,75,409,False,2023-03-01 23:59:09,@BitcoinBullsNFT The first my #NFT in  #Bitcoin https://t.co/hO6t69frCZ,"['NFT', 'Bitcoin']",Twitter Web App,False
PUBLORD,probably down at the pub,TOXIC HAPPY HOUR!  #Spaceshost  || M-F 2-4 w/ @Anders_  ||  #Bitcoin  ||  THH Pleb Party in Miami May 18th!,2013-12-28 18:30:40,22414,3225,63945,False,2023-03-01 23:59:08,Your first #Bitcoin Halving will age and humble at the same time.  😉😂 https://t.co/U6JwlLNlMg,['Bitcoin'],Twitter for Android,False
Bitcoin Candle Bot,Brazil,"Robot that posts the closure of the bitcoin daily candle, written by @coinsamba",2021-01-06 01:36:48,40,4,1,False,2023-03-01 23:59:00,"Candle of day 01/03/2023 closed.

Open: $ 23,130.94
High: $ 23,906.02
Low: $ 23,042.67
Close: $ 23,635.96

Change: +2.14%

#Bitcoin #Candle #BullMarket","['Bitcoin', 'Candle', 'BullMarket']",Bitcoin Candle Bot,False
FYC crypto | Sharing Information And Learning,,,2023-03-01 10:13:26,6,23,1,False,2023-03-01 23:58:57,"UBS Strategists Predict Minimal Impact of Upcoming Mt Gox Payouts on Bitcoin Value
https://t.co/yiahg9lmOe
#BTC #Bitcoin https://t.co/f98xNLYVv6","['BTC', 'Bitcoin']",Twitter Web App,False
Ethereum Yoda,,"UP or DOWN...
.
.
.
.
Price matters NOT.",2022-07-24 04:50:18,576,1,0,False,2023-03-01 23:58:42,"#Ethereum price update: 

#ETH $1665.06 USD
#Bitcoin 0.07041649538947164 #BTC

Follow for recent ETH price updates
#altcoin, #cryptocurrency, #crypto","['Ethereum', 'ETH', 'Bitcoin', 'BTC', 'altcoin', 'cryptocurrency', 'crypto']",Twitter Web App,False
BNB Price Tracker,,#BNB #BNBTracker #BinanceCoin #Binance,2022-07-11 05:24:30,492,5,0,False,2023-03-01 23:58:41,"#BinanceCoin price update: $BNB

#BNB $302.75 USD

#Bitcoin 0.0128 BTC

#Ethereum 0.18183 ETH

#altcoin #crypto #cryptocurrency

Follow for recent BNB price updates","['BinanceCoin', 'BNB', 'Bitcoin', 'Ethereum', 'altcoin', 'crypto', 'cryptocurrency']",Twitter Web App,False
☣️ Hugo SuperMaxi ⚡️💎🙌🇸🇻 ∞/21M,In your head,"#Bitcoin miner/investor. CEO @ FYouMoney! Podcast @FYouMoneyPod and FYouMoney! wallet. Follow my relentless search for freedom, the universe, and everything!",2020-09-18 16:50:23,3307,476,9782,False,2023-03-01 23:58:41,@stacyherbert My tweets about #Bitcoin⚡️and #ElSalvador.,"['Bitcoin', 'ElSalvador']",Twitter Web App,False
Navid Nassiri,Metaverse,I'm just trying to do my part in making the world a better place. #DeFi #web3 #blockchain #crypto #cryptocurrency #btc #eth #bahai,2009-06-17 15:05:02,3917,554,325,False,2023-03-01 23:58:23,"Shiba Inu Army Gets Excited On Wallet Provider News, Here’s Why  https://t.co/50hMWZk1Qj #crypto #cryptocurrency #blockchain #bitcoin #ethereum #antifud #fightfomo https://t.co/ykyUJLGZTn","['crypto', 'cryptocurrency', 'blockchain', 'bitcoin', 'ethereum', 'antifud', 'fightfomo']",Zapier.com,False
Bigwin freetag,"DKI Jakarta, Indonesia","🔥#Pickaw #Sorteos #Crypto #Giveaway #Freetag #Win #Bigwin #BNB #BTC #ETH🔥
Akun @/bayuhunter41 suspended ,saya juga pakai data dan wifi,pleass don't rerrol 🙏",2023-02-01 12:17:42,107,1540,2501,False,2023-03-01 23:58:18,@SirKunt @PtpWallet #Bitcoin for longterm is good 👍🔥,['Bitcoin'],Twitter for Android,False
Q.E.D,,"#QED #CryptoNews is for the people who love the future of finance. Please, Follow, Get the last news update and share it if you like.#Cryptocurrency #Blockchain",2009-09-03 09:34:02,714,4888,2340,False,2023-03-01 23:57:51,"#Bitcoin is back in the black! #BullSignal means we're seeing a massive resurgence in the price, last at around $25,000. Time to get onboard the BTC train! #Crypto","['Bitcoin', 'BullSignal', 'Crypto']",Q.E.D CryptoNews,False
AkinHack,United States,Professional Recovery Services | •Crypto | •iCloud ID | •Instagram | Snapchat | DM 247| •Account Recovery | •iMessage | spying | Follow and Inbox Me | •NotFree,2014-11-08 04:50:03,197,48,13,False,2023-03-01 23:57:50,Y’all Message me for any account recovery or hacking #CYBER #security #Coinbase #Bitcoin #BNB.,"['CYBER', 'security', 'Coinbase', 'Bitcoin', 'BNB']",Twitter for Android,False
Ethereum Yoda,,"UP or DOWN...
.
.
.
.
Price matters NOT.",2022-07-24 04:50:18,576,1,0,False,2023-03-01 23:57:41,"#Ethereum price update: 

#ETH $1663.91 USD
#Bitcoin 0.07042311 #BTC

Follow for recent ETH price updates
#altcoin, #cryptocurrency, #crypto","['Ethereum', 'ETH', 'Bitcoin', 'BTC', 'altcoin', 'cryptocurrency', 'crypto']",Twitter Web App,False
AkinHack,United States,Professional Recovery Services | •Crypto | •iCloud ID | •Instagram | Snapchat | DM 247| •Account Recovery | •iMessage | spying | Follow and Inbox Me | •NotFree,2014-11-08 04:50:03,197,48,13,False,2023-03-01 23:57:38,"Looking for a professional hacker? .
Y’all Message me for any account recovery or hacking #CYBER #security #Coinbase #Bitcoin #BNB.","['CYBER', 'security', 'Coinbase', 'Bitcoin', 'BNB']",Twitter for Android,False
liuliu,英国伦敦14 Parliament Mews,"Be a positive person. Don't be sad, don't be impatient. Be strong, up, and close to the sun. Life can't wait for others to arrange it.",2012-10-05 19:29:31,16482,207,79,False,2023-03-01 23:57:37,"#Bitcoin  FUN FACT

The period of 395 days in which we have 10 red candles on the monthly chart, we call it ""Bear Market"" https://t.co/4rUmmufYet",['Bitcoin'],Twitter Web App,False
NFTBrahh,Plan3t Earth brah,"Love life, my wife, my daughter, Tory train jokes. Don't like tomatoes. #NFT Addict / Proud DankDogzNFT Owner!!",2018-01-16 18:39:17,474,107,30,False,2023-03-01 23:57:36,"⚡️ Drop your best #NFTs to get promoted! Follow, retweet and like this post👇 #eth #ethereum #crypto #NFT #NFTs #nftart #nftartists #sol #shib #bitcoin","['NFTs', 'eth', 'ethereum', 'crypto', 'NFT', 'NFTs', 'nftart', 'nftartists', 'sol', 'shib', 'bitcoin']",Trumpybot,False
Live Price Crypto,,"I Tweet the latest #BTC/#ETH/#BNB/#MATIC & #StableCoins price
+Daily/Weekly Technical Indicators 

Live since 20/03/2022

@web3africa1",2022-03-10 14:06:46,4463,9,24,False,2023-03-01 23:57:35,"Weekly 🚀

#BTC Last $23630

•Change since Monday 00h00(UTC): +0.31% 🟢
•MACD:
 -MACD Line: 99
 -Signal Line: -985

#ETH Last $1665

•Change: +1.43% 🟢
•MACD:
 -MACD Line: 2
 -Signal Line: -65

#Blockchain #Token #Bitcoin #Ethereum
(8/16)
461047","['BTC', 'ETH', 'Blockchain', 'Token', 'Bitcoin', 'Ethereum']",vaiotapi,False
Sigma Σ Nakamoto,,Σ,2015-11-06 04:53:22,573,82,12322,False,2023-03-01 23:57:27,"Are you ready?
#Bitcoin miners coming to #CoreDAO blockchain! https://t.co/vD3F9UClQC","['Bitcoin', 'CoreDAO']",Twitter for Android,False
0xMadman,Moon,Swapped all my fiat for crypto and NFTs,2021-07-20 02:08:48,139,784,585,False,2023-03-01 23:57:25,"Day 35 of my attempt to give this @Mcdonalds OG #Doge x Bukele-inspired @RealDogePunks NFT to El Presidente @nayibbukele as his #NewProfilePic for the inevitable #Bitcoin &amp; #Dogecoin bullrun. El Presidente, please let me know &amp; we'll make it happen!

https://t.co/69eemvmUW4","['Doge', 'NewProfilePic', 'Bitcoin', 'Dogecoin']",Twitter for Android,False
CryptoClick,"New York, NY",Curated Crypto News - One click away!,2009-07-16 23:29:06,11699,6611,2,False,2023-03-01 23:57:18,🔥 Deep comparison of Bitcoin Miners| Gold Miners - Astonishing❓ Check the post https://t.co/oiEGjjVOOM #bitcoin @tradingview #crypto $btc #btc,"['bitcoin', 'crypto', 'btc']",Make (formerly Integromat),False
Sergio,coin hunt world,"professional coin hunt world player

-living with autism-",2022-05-16 21:05:33,185,76,13134,False,2023-03-01 23:57:12,"c03x found #bitcoin in a User vault at this location! Join me playing #coinhuntworld, It's awesome! https://t.co/a37s2OfkQa #cryptocurrency #48027 https://t.co/p92Mo6hJkC","['bitcoin', 'coinhuntworld', 'cryptocurrency']",Twitter for Android,False
MahigouneTradingPro,Paris,#Bourse/Bitcoin,2021-04-30 00:00:24,25,35,708,False,2023-03-01 23:57:01,"#bitcoin    / $BTC
Potentiel remake https://t.co/4Sa4hq5o54",['bitcoin'],Twitter for Android,False
Trader Jet Telegram Bot,,"The best assistant for #scalping on #Binance with more than 15 modules and #autotrading #ai system.

Have #RU and #EN versions!

Join for free 3 days trial 👇",2022-06-21 09:02:15,907,14,300,False,2023-03-01 23:56:59,"✅ #PUMP $SNX! +0.964% in 15 seconds
Current price: 3.038$!

 Follow and like for more signals!
60 #ai #cryptocurrency #BUSD #crypto #finance #altcoins #binance #bitcoin #btc #SNX https://t.co/QE5DxYc22E","['PUMP', 'ai', 'cryptocurrency', 'BUSD', 'crypto', 'finance', 'altcoins', 'binance', 'bitcoin', 'btc', 'SNX']",TwitterLikeRt_Nik,False
Ethereum Yoda,,"UP or DOWN...
.
.
.
.
Price matters NOT.",2022-07-24 04:50:18,576,1,0,False,2023-03-01 23:56:41,"#Ethereum price update: 

#ETH $1664.98 USD
#Bitcoin 0.07043578062184754 #BTC

Follow for recent ETH price updates
#altcoin, #cryptocurrency, #crypto","['Ethereum', 'ETH', 'Bitcoin', 'BTC', 'altcoin', 'cryptocurrency', 'crypto']",Twitter Web App,False
BNB Price Tracker,,#BNB #BNBTracker #BinanceCoin #Binance,2022-07-11 05:24:30,492,5,0,False,2023-03-01 23:56:40,"#BinanceCoin price update: $BNB

#BNB $302.92 USD

#Bitcoin 0.01281 BTC

#Ethereum 0.18194 ETH

#altcoin #crypto #cryptocurrency

Follow for recent BNB price updates","['BinanceCoin', 'BNB', 'Bitcoin', 'Ethereum', 'altcoin', 'crypto', 'cryptocurrency']",Twitter Web App,False
Bitcoin updates,,"I tweet about the $BTC price every 15 minutes.
Data is retrieved from @binance.

#Bitcoin #BTC

More bots 🤖:
#ETH: @Ethereum8News
#BNB: @BNB8News",2021-01-09 15:26:06,6906,6,21,False,2023-03-01 23:56:36,"The $BTC price is at $23,628.11 right now.
🟢 Compared to the last tweet, the price has increased by $21.49 (0.09%).
🟢 In the last 24 hours the price has increased by $510.39 (2.21%).

#Bitcoin #BTC https://t.co/GhayrxhwpW","['Bitcoin', 'BTC']",Pamboo Crypto,False
Live Price Crypto,,"I Tweet the latest #BTC/#ETH/#BNB/#MATIC & #StableCoins price
+Daily/Weekly Technical Indicators 

Live since 20/03/2022

@web3africa1",2022-03-10 14:06:46,4463,9,24,False,2023-03-01 23:56:35,"Weekly 🚀

#BTC Last $23630

-RSI: 56
-Moving Average(20): 19758
-MA(50): 24092
-MA(200): 25181
-Bollinger B. lower/upper: 13837/25679

#ETH Last $1665 #ETH

-RSI: 55
-MA(20): 1424
-MA(50): 1695
-MA(200): 1430
-BB: 1032/1815

#Live #Bitcoin #Ethereum
(7/16)
461046","['BTC', 'ETH', 'ETH', 'Live', 'Bitcoin', 'Ethereum']",vaiotapi,False
theCryptolusionist 🧙🏻,The Netherlands,"Crypto dabbler with a slight affection for $WOO $VET $FET $AZERO $MLT and $METIS... Also interested in $BONE and $POKT. Charting fibs, Gartley and R/S",2021-04-20 20:27:58,363,200,211,False,2023-03-01 23:56:30,"$ETH working on a bullish engulfing on the 1D and on the 4H, beautiful bullish hammer candle on the 8H and looks like it’s flipping R/S on the 1H. We’ll know all in 5 minutes, looks too good to be true… Asia probably going to f** it up 🤌🏻

#ETH #Ethereum #Crypto #BTC #Bitcoin https://t.co/ybeF6CkPCn","['ETH', 'Ethereum', 'Crypto', 'BTC', 'Bitcoin']",Twitter for iPhone,False
Richardss Cumberbatche 📈,👉,"Check out our community of real traders helping each other profit. Education, live lessons, alerts, and more. 👉https://t.co/uju90xL4Ot",2020-11-04 08:56:22,870,41,41,False,2023-03-01 23:56:25,"$WOO #Bitcoin             in it's highest peak right now... 
https://t.co/sNRg9LsXGN
$BTC $ETH $DOGE $SOL $CRV $ATH $SL $ALGO $MATIC $FIB $S https://t.co/pyKeLkDeCu",['Bitcoin'],Twitter Web App,False
Trackify | #1 BTC Price Action Bot,Monitoring BTCUSDT...,📈| #1 BTC Price Action Bot 🕒| Notifies every 5 minutes,2023-01-18 02:40:53,119,1,206,False,2023-03-01 23:56:24,"Bitcoin has decreased -0.11% in the past 5 minutes!
Started at $23652.66
Ended at $23626.89

#BTC #crypto #bitcoin #cryptocurrency #ethereum #blockchain #eth #currency #xrp #trading #price #exchange #twitter #ltc #binance #finance","['BTC', 'crypto', 'bitcoin', 'cryptocurrency', 'ethereum', 'blockchain', 'eth', 'currency', 'xrp', 'trading', 'price', 'exchange', 'twitter', 'ltc', 'binance', 'finance']",bitcoinpricetracker,False
PlattsburghBTC,"Plattsburgh, NY","฿ miner that sells extra GH, so come mine with me! I'm also afraid of fans, loud whirring sounds, and ethernet cables. Oh god. Send help.",2015-08-29 17:25:50,3479,1774,297,False,2023-03-01 23:56:24,"1 ฿: $23649.6, 1 week ago: $0, 3 months ago: $0, 1 year ago: $8520 #bitcoin  https://t.co/N0BZQbcl79",['bitcoin'],Plattsburgh BTC status update,False
Bitcoin Price Ticker,,Tweets the current price of #bitcoin every 5 minutes,2022-10-20 07:10:38,122,9,9,False,2023-03-01 23:56:17,"1₿ = $23634 2.07%📈

Details:
Change: 📈478.79$
24H Low = $23079🔻
24H High = $23884💹

#bitcoin #btc","['bitcoin', 'btc']",BitcoinLivePriceTicker,False
Moniruzzaman Mithu 778.bnb,,,2023-02-08 00:17:30,15,314,294,False,2023-03-01 23:56:09,"@airdropinspect This project is very profitable project.thanks for Everything. @Sagorahemed4115 @MakeMon48808509  @hasan35241 

#Airdrop #Airdrops #Airdropinspector #ZebecLabs #NautilusChain #USDT #Crypto #Bitcoin","['Airdrop', 'Airdrops', 'Airdropinspector', 'ZebecLabs', 'NautilusChain', 'USDT', 'Crypto', 'Bitcoin']",Twitter Web App,False
Crypto Alerted,USA,Crypto Alerted Our Tweets are not Financial Advise Be Carefull,2020-04-10 11:35:27,1232,105,24,False,2023-03-01 23:56:08,KIRA Network (KEX) went up 10.3 percent in the last 1 minutes on https://t.co/rgEAV9gIXu. #KEX  #crypto #bitcoin #cryptocurrency #btc #ethereum #blockchain #eth #trading #altcoin #binance #cryptonews,"['KEX', 'crypto', 'bitcoin', 'cryptocurrency', 'btc', 'ethereum', 'blockchain', 'eth', 'trading', 'altcoin', 'binance', 'cryptonews']",Microsoft Power Platform,False
call me jonny,To the moon,100$ to 100.000$ crypto trader 24h/24h . BTC FROM ITALY BOY🇮🇹,2022-05-04 09:17:35,125,115,822,False,2023-03-01 23:56:06,"Join me at Bybit's Learn and Earn event! Prove your knowledge of the Ethereum Shanghai upgrade and earn 5 USDT with me. https://t.co/9p1tlOV4pL
https://t.co/9p1tlOV4pL 

#ETH #Ethereum #Bitcoin #Crypto","['ETH', 'Ethereum', 'Bitcoin', 'Crypto']",Twitter for iPhone,False
Cycushack+,,Professional Recovery Services | •Crypto | •iCloud ID •Instagram | Snapchat | DM 247,2021-01-08 13:12:27,13,11,459,False,2023-03-01 23:56:05,"Y’all Message me for any account recovery or hacking #CYBER #security #Coinbase #Bitcoin
#BNB","['CYBER', 'security', 'Coinbase', 'Bitcoin', 'BNB']",Twitter for iPhone,False
Keepcalm2021,,,2021-03-03 00:41:05,98,257,154,False,2023-03-01 23:56:04,"PhrozenKhaos found #bitcoin in a Green vault at this location! Join me playing #coinhuntworld, It's awesome! https://t.co/3a8DABboMa #cryptocurrency #321163 https://t.co/gRNSuF0uIi","['bitcoin', 'coinhuntworld', 'cryptocurrency']",Twitter for Android,False
Dr. ₿itcoin⚡️,"Moon, PA","Not a trader, nor analyst or investor, #Bitcoin believer. BUY-DCA-HODL-SELL. Follow the cycles. NFA. Power to the people! Free the money! Only lightning!⚡️∞/21M",2022-10-12 00:47:07,3159,5000,224,False,2023-03-01 23:56:01,"#Bitcoin       1000 Sats everyday! Do you want 1000 Sats? 🚀🚀🚀
Follow, retweet, and comment your #Lightningnetwork⚡️ address to stack more Satoshis! #Crypto #Stakingsats #DCA #Giveaway #BTC      
Let's fuckin' go!! 🚀🚀🚀","['Bitcoin', 'Lightningnetwork', 'Crypto', 'Stakingsats', 'DCA', 'Giveaway', 'BTC']",Twitter for Android,False
Cycushack+,,Professional Recovery Services | •Crypto | •iCloud ID •Instagram | Snapchat | DM 247,2021-01-08 13:12:27,13,11,459,False,2023-03-01 23:55:50,Y’all Message me for any account recovery or  account hack  #CYBER #security #Coinbase #Bitcoin #BNB #facebook #snapchat #instagram,"['CYBER', 'security', 'Coinbase', 'Bitcoin', 'BNB', 'facebook', 'snapchat', 'instagram']",Twitter for iPhone,False
YearlyMadeDaily,,Follow for more info about the market as a whole and individual coins. $INJ $STX $MNW $ADA,2022-04-23 22:10:51,117,17,572,False,2023-03-01 23:55:48,@WhaleChart Can’t beat #Bitcoin with a max of 21 million.,['Bitcoin'],Twitter for iPhone,False
Ethereum Yoda,,"UP or DOWN...
.
.
.
.
Price matters NOT.",2022-07-24 04:50:18,576,1,0,False,2023-03-01 23:55:40,"#Ethereum price update: 

#ETH $1663.89 USD
#Bitcoin 0.07042086 #BTC

Follow for recent ETH price updates
#altcoin, #cryptocurrency, #crypto","['Ethereum', 'ETH', 'Bitcoin', 'BTC', 'altcoin', 'cryptocurrency', 'crypto']",Twitter Web App,False
Sergio,coin hunt world,"professional coin hunt world player

-living with autism-",2022-05-16 21:05:33,185,76,13134,False,2023-03-01 23:55:40,"c03x found #bitcoin in a User vault at this location! Join me playing #coinhuntworld, It's awesome! https://t.co/a37s2OfkQa #cryptocurrency #29262 https://t.co/WEJ6Af2nT6","['bitcoin', 'coinhuntworld', 'cryptocurrency']",Twitter for Android,False
yanyan,英国伦敦14 Parliament Mews,"Be a positive person. Don't be sad, don't be impatient. Be strong, up, and close to the sun. Life can't wait for others to arrange it.",2013-12-08 01:29:52,23223,199,505,False,2023-03-01 23:55:39,"#Bitcoin Time to accumulate is ticking away.⌛️⏲️

#BTC accumulation phase is nearing its end according to Williams %R. I hope you were among those who dared scooping up some during this period. 🫡 https://t.co/KzN07ip6Cn","['Bitcoin', 'BTC']",Twitter Web App,False
Mathilda Newton ₿,"Lancaster, TX","@saylor opinion, only account YouTube expert⚡️, Building newbie & Bitcoin holders💰, mentorship, Trading acct management. Earn $80k monthly⚜️ $BTC #Arsenalfan⚽️",2015-07-15 11:04:31,3963,26,123449,False,2023-03-01 23:55:32,#Bitcoin  stands alone in cyberspace. #invest #earn #trade #btc $BTC. https://t.co/jXm5naHKqG,"['Bitcoin', 'invest', 'earn', 'trade', 'btc']",Twitter for iPhone,False
Guns N' Roses,,,2010-09-20 01:07:30,330,305,80,False,2023-03-01 23:55:02,"Trade crypto on Bybit! Get up to $100 Bonus when you sign up with my link and trade! https://t.co/0Y89yZ1qEh 
#NFT #GameFi #Metaverse #bitcoin #Mining #Giveaway","['NFT', 'GameFi', 'Metaverse', 'bitcoin', 'Mining', 'Giveaway']",Botbird tweets,False
Ethereum Yoda,,"UP or DOWN...
.
.
.
.
Price matters NOT.",2022-07-24 04:50:18,576,1,0,False,2023-03-01 23:54:39,"#Ethereum price update: 

#ETH $1665.03 USD
#Bitcoin 0.07041317197377886 #BTC

Follow for recent ETH price updates
#altcoin, #cryptocurrency, #crypto","['Ethereum', 'ETH', 'Bitcoin', 'BTC', 'altcoin', 'cryptocurrency', 'crypto']",Twitter Web App,False
BNB Price Tracker,,#BNB #BNBTracker #BinanceCoin #Binance,2022-07-11 05:24:30,492,5,0,False,2023-03-01 23:54:39,"#BinanceCoin price update: $BNB

#BNB $302.92 USD

#Bitcoin 0.01281 BTC

#Ethereum 0.18193 ETH

#altcoin #crypto #cryptocurrency

Follow for recent BNB price updates","['BinanceCoin', 'BNB', 'Bitcoin', 'Ethereum', 'altcoin', 'crypto', 'cryptocurrency']",Twitter Web App,False
Awais Junaid ᅠᅠᅠᅠᅠᅠᅠ ᅠᅠᅠᅠᅠᅠᅠᅠᅠᅠᅠᅠᅠᅠᅠᅠ,Pakistan,"Own Question Mark YT Channel!!!Technical Analyst, Crypto Trader&Educator, Not Financial Advice,  Never Ask for Money. Link 👇",2020-10-17 07:48:55,42,63,1099,False,2023-03-01 23:54:38,"Bitcoin, Next Sanrio!

Link👇

https://t.co/3YXo6ktlma

#Crypto #cryptoart #Cryptocurency #cryptocurrency #CryptocurrencyMarket #CryptoInvestor #cryptotrading #CryptoTwitter #Bitcoin #Bitcoin2023 #BitcoinCash #BTC #BTCC #AdimFarah #bachelor #OMAnnecy #TheMandalorian #الأهلي_جدّة","['Crypto', 'cryptoart', 'Cryptocurency', 'cryptocurrency', 'CryptocurrencyMarket', 'CryptoInvestor', 'cryptotrading', 'CryptoTwitter', 'Bitcoin', 'Bitcoin2023', 'BitcoinCash', 'BTC', 'BTCC', 'AdimFarah', 'bachelor', 'OMAnnecy', 'TheMandalorian', 'الأهلي_جدّة']",Twitter for iPhone,False
CNS Signals,"California, USA",Crypto Trader #BTC #binance Whales hunter Crypto signals based on technicals and fundamentals | Invest at your own risk.,2023-02-24 12:07:39,25,22,4,False,2023-03-01 23:54:36,"#DYDX / USDT (BINANCE)

🎯 TARGET 2: DONE ✅️ 

#crypto #bitcoin #cryptocurrency #blockchain #ethereum #btc #forex #trading #money #cryptonews #cryptotrading #bitcoinmining #cryptocurrencies #investing #eth #investment #bitcoinnews #bitcoins #nft #business #invest #entrepreneur https://t.co/IoJS8xtli8","['DYDX', 'crypto', 'bitcoin', 'cryptocurrency', 'blockchain', 'ethereum', 'btc', 'forex', 'trading', 'money', 'cryptonews', 'cryptotrading', 'bitcoinmining', 'cryptocurrencies', 'investing', 'eth', 'investment', 'bitcoinnews', 'bitcoins', 'nft', 'business', 'invest', 'entrepreneur']",Twitter for Android,False
Live Price Crypto,,"I Tweet the latest #BTC/#ETH/#BNB/#MATIC & #StableCoins price
+Daily/Weekly Technical Indicators 

Live since 20/03/2022

@web3africa1",2022-03-10 14:06:46,4463,9,24,False,2023-03-01 23:54:34,"Daily 🚀

#BTC Last $23650

-RSI: 54
-Moving Average(20): 23407
-MA(50): 22679
-MA(200): 19737
-Bollinger B. lower/upper: 21353/25461

#ETH Last $1665

-RSI: 56
-MA(20): 1621
-MA(50): 1599
-MA(200): 1433
-BB: 1496/1745

#Crypto #Bitcoin #Ethereum
(5/16)
461044","['BTC', 'ETH', 'Crypto', 'Bitcoin', 'Ethereum']",vaiotapi,False
Vania,Україна,,2021-04-29 07:53:32,54,85,236,False,2023-03-01 23:54:30,"Received this mallard recently from @MallardOrder , another step forward with #Bitcoin 🦆❤️

#CNFTCommunity #CNFTs #RestoringOrder #MallardUP #Ordinals #OrdinalsNFTs #BTCnft #OrdinalsNft https://t.co/C9J39jKMux","['Bitcoin', 'CNFTCommunity', 'CNFTs', 'RestoringOrder', 'MallardUP', 'Ordinals', 'OrdinalsNFTs', 'BTCnft', 'OrdinalsNft']",Twitter Web App,False
Hackwith_Garry 🖥🛰📡,"London, Ontario",GOD🥇Pro-Hacking Services. *Private Investigator* *Recovery Services* *Instagram* *Crypto* *Facebook* *icloud* *Snapchat* #NoFreeHacks,2022-05-11 02:23:00,2268,47,194,False,2023-03-01 23:54:30,If you need a hacker for any kind of problem contact me now #programming #BigData #MachineLearning #DataScience #Cybersecurity #Analytics #AI #Python #RStats #ReactJS #CloudComputing #Serverless #DataScientist #Linux  #100DaysofCode #NodeJS #golang #IoT #Blockchain #Bitcoin https://t.co/LRV9KJFT5J,"['programming', 'BigData', 'MachineLearning', 'DataScience', 'Cybersecurity', 'Analytics', 'AI', 'Python', 'RStats', 'ReactJS', 'CloudComputing', 'Serverless', 'DataScientist', 'Linux', '100DaysofCode', 'NodeJS', 'golang', 'IoT', 'Blockchain', 'Bitcoin']",Twitter for iPhone,False
Renee Grant,South Carolina,Crypto expert and blockchain enthusiast offering cutting-edge analysis on the latest trends in cryptocurrency. #CryptoResearch,2015-03-23 14:31:23,115,46,6,False,2023-03-01 23:54:27,"@Lenovo Although it may seem like a challenge right now, have faith in #Bitcoin. There are always ups and downs but Bitcoin proves time &amp; time again its resilience is unbeatable! Hang on tight - better days will come soon 💪🏼 #BearMarketSurvivors https://t.co/lMgr36rAwz","['Bitcoin', 'BearMarketSurvivors']",Twitter Web App,False
#XtinGer / Crypto & Stocks Trading ‼️‼️‼️,,Chart Market Technical Trading Analysis using our own Indicator #XtinGer / Not Financial Advices,2012-03-09 15:08:12,120,195,1878,False,2023-03-01 23:54:01,"#Breaking 🦂 More content coming.

$AMC / Stocks Analysis Chart Trading

#AMC  ‼️‼️‼️

$BTC #Bitcoin     #AMCUSD
#Nft #Airdrops  #Giveaways #Pumping #Luxury #Investing #Entrepreneur #Succes #Bussines Earn #Money

Chart powered by our own indicator #XtinGer 🦂 https://t.co/U09CvWBU1h","['Breaking', 'AMC', 'Bitcoin', 'AMCUSD', 'Nft', 'Airdrops', 'Giveaways', 'Pumping', 'Luxury', 'Investing', 'Entrepreneur', 'Succes', 'Bussines', 'Money', 'XtinGer']",Twitter for Android,False
kannabis,,Mr JOE,2022-12-22 02:41:38,0,1,0,False,2023-03-01 23:53:55,binance 1 #bitcoin; (the rest half in #eth and half stays in #bnb),"['bitcoin', 'eth', 'bnb']",Twitter Web App,False
crypto_class,,Crypto news,2022-11-15 21:17:35,25,150,386,False,2023-03-01 23:53:53,Global payments giant Blackhawk will offer #Bitcoin    gift cards at U.S. retailers!,['Bitcoin'],Twitter for Android,False
Sergio,coin hunt world,"professional coin hunt world player

-living with autism-",2022-05-16 21:05:33,185,76,13134,False,2023-03-01 23:53:48,"c03x found #bitcoin in a User vault at this location! Join me playing #coinhuntworld, It's awesome! https://t.co/a37s2OfkQa #cryptocurrency #8217 https://t.co/0T0QTBz4cz","['bitcoin', 'coinhuntworld', 'cryptocurrency']",Twitter for Android,False
Ethereum Yoda,,"UP or DOWN...
.
.
.
.
Price matters NOT.",2022-07-24 04:50:18,576,1,0,False,2023-03-01 23:53:39,"#Ethereum price update: 

#ETH $1664.25 USD
#Bitcoin 0.07043167 #BTC

Follow for recent ETH price updates
#altcoin, #cryptocurrency, #crypto","['Ethereum', 'ETH', 'Bitcoin', 'BTC', 'altcoin', 'cryptocurrency', 'crypto']",Twitter Web App,False
Beekeyyy Click/Clack 🖱️,"Philadelphia, PA","2015 SHA-256 Miner | | 👁️ share $btc Technical Analysis, Part-time Trader and #Bitcoin Content Creator. https://t.co/xS693ytVmj (Targeted Individual) #Blockchain #Xbox🎮",2017-12-01 17:28:39,1692,118,14252,False,2023-03-01 23:53:26,"This made me giggle because.... The U.S. doesn't have to do shit. 🤣🤣

We as U.S. citizens have a choice to join the battle and go to war.... so umm... yeah.
#Bitcoin #BTC #Freedom #UnitedStates #NoWar https://t.co/MFsHAmu52t","['Bitcoin', 'BTC', 'Freedom', 'UnitedStates', 'NoWar']",Twitter Web App,False
Data Metrics UG,,"Forecasting and analysis models with artificial intelligence for all major cryptocurrency metrics and trading signals.
Web: https://t.co/Ab0F4RF0TU | https://t.co/btgqITXxLC",2021-05-14 08:03:59,11489,214,468,False,2023-03-01 23:53:15,💰 Market Cap. Swap 💰 What would one #Maiar-dex $MEX cost if it had the market capitalization of #Bitcoin $BTC? One #MEX would be worth $0.1381. 🤑 💪 🚀 | 👁️  More: https://t.co/iLdJQXVIOt https://t.co/836QimeBTe,"['Maiar', 'Bitcoin', 'MEX']",CoinforecastTwitterTweeter,False
kenneth wolf,,,2015-03-22 19:15:11,112,27,9,False,2023-03-01 23:53:14,Women excluded from the crypto world - again. Figures why there is more focus on #Bitcoin than anything else...#crypto # BlockchainGenderGap,"['Bitcoin', 'crypto']",Twitter Web App,False
Mr. Satoshi,United States,Shop premium #Bitcoin apparel. Only made from high quality materials & shipped from the US 🇺🇸 Receive up to 100K Sats back instantly on every purchase ⚡️,2022-12-14 09:15:19,967,2,1802,False,2023-03-01 23:53:06,How often do you buy #Bitcoin?,['Bitcoin'],Twitter for iPhone,False
tictoknextblock,,Real-time bitcoin  insights,2021-07-01 03:29:10,284,17,2,False,2023-03-01 23:53:03,"🟩 Block 778891 ⛏ ⛏

📅 1st Mar 2023, 23:52:15 GMT

📣 2,933 tx with a value of 4,346.521 ₿ ($102.84m 🇺🇸)

📣 distributed to 9,586 recipients 💎🙌

📣 19,305,575.00 ₿ (91.93131%) mined ⛏

📣 1,694,425.00 ₿ remaining 💰

#bitcoin #tictoknextblock","['bitcoin', 'tictoknextblock']",tictoknextblock,False
🤖 EconSnapped,,"Your economic update.  Hourly.

💰 Asset - Price - Todays Change",2022-08-13 23:32:13,82,1,0,False,2023-03-01 23:52:39,"💰 #SP500    3,951.39 📉 -0.47%
🚜 #DJIA    32,661.84 📈 0.02%
⌛ 10 Yr T    3.99 📈 1.35%
💵 USD/EUR    0.94 📉 -0.85%
🥇 #Gold    1,843.95 📈 0.58%
🛢 #CrudeOil    77.64 📈 1.27%
💸 #Bitcoin    23,621.20 📈 2.02%","['SP500', 'DJIA', 'Gold', 'CrudeOil', 'Bitcoin']",EconSnapshot,False
Ethereum Yoda,,"UP or DOWN...
.
.
.
.
Price matters NOT.",2022-07-24 04:50:18,576,1,0,False,2023-03-01 23:52:38,"#Ethereum price update: 

#ETH $1665.02 USD
#Bitcoin 0.07038613836691748 #BTC

Follow for recent ETH price updates
#altcoin, #cryptocurrency, #crypto","['Ethereum', 'ETH', 'Bitcoin', 'BTC', 'altcoin', 'cryptocurrency', 'crypto']",Twitter Web App,False
BNB Price Tracker,,#BNB #BNBTracker #BinanceCoin #Binance,2022-07-11 05:24:30,492,5,0,False,2023-03-01 23:52:38,"#BinanceCoin price update: $BNB

#BNB $302.85 USD

#Bitcoin 0.0128 BTC

#Ethereum 0.18189 ETH

#altcoin #crypto #cryptocurrency

Follow for recent BNB price updates","['BinanceCoin', 'BNB', 'Bitcoin', 'Ethereum', 'altcoin', 'crypto', 'cryptocurrency']",Twitter Web App,False
Yoloking of $TSLAQ,Seongapdo,"Options degen
$TSLAQ convert, tracking the madness of #ElonQ and his lemmings
Certified QE Conspiracist by @neelkashkari
I shitpost a lot. NO INVESTMENT ADVICE.",2020-01-02 09:21:12,2671,479,33608,False,2023-03-01 23:52:34,"@SlopeOfHope But #Bitcoin fixes this, right?",['Bitcoin'],Twitter for Android,False
Q,United Kingdom,"Saitama/SaitaRealty Holder.
MaziMatic NFT Holder, Referral Code: maziarmyLeSRBRb9uj",2013-11-15 02:58:06,3378,4710,59714,False,2023-03-01 23:52:32,"#Saitama #SaitamaWolfPack #SaitaPro
#Crypto #CryptoCurrency #SaitaWolves #ETH #Bitcoin #PaperVillage
#SaitamaToken
#BESUMMIT #SaitaRealty #SAITAMACOMMUNITY #SaitamaLLC #MetaVerse #WeAreSaitama

#UseSaitaPro #NFT #NFTs #NFTCommunity #SaitaCard

💜🐺💜WOLF🐺PACK💜🐺💜 https://t.co/ck2A73F9t4","['Saitama', 'SaitamaWolfPack', 'SaitaPro', 'Crypto', 'CryptoCurrency', 'SaitaWolves', 'ETH', 'Bitcoin', 'PaperVillage', 'SaitamaToken', 'BESUMMIT', 'SaitaRealty', 'SAITAMACOMMUNITY', 'SaitamaLLC', 'MetaVerse', 'WeAreSaitama', 'UseSaitaPro', 'NFT', 'NFTs', 'NFTCommunity', 'SaitaCard']",Twitter for Android,False
Samurai21 ♟️,"Melbourne, Australia",Market analyst 💻 Dynamic Futures Trader 👨🏽‍💻 My fingers are always on the pulse…. #Bitcoin Standard.,2021-10-02 07:50:50,28,47,54,False,2023-03-01 23:52:27,"@GarethSoloway Ethereum is so strong Gareth . The bears are slowly and steadily losing there grip 🐻❌.
#Bitcoin",['Bitcoin'],Twitter for iPhone,False
Lostdog 🍻,Cypherspace,The source of all our wealth are functional ecosystems. Enviromaximalist - 🌿 #Bitcoin ⚡,2009-11-21 23:44:38,636,2174,56157,False,2023-03-01 23:52:23,"@BobMcElrath The author Amy Castor has been a #bitcoin critic for many years. At this point it's just dishonesty, with references to Gerard, de Vries, etc. which have been debunked a million times, while ignoring all the documents evidence that contradicts her opinion",['bitcoin'],Twitter for Android,False
Suhan Ahmad,Riri 🌻,aha🐰,2022-12-21 23:33:36,0,1,0,False,2023-03-01 23:52:20,So BlockFi files for Chapter 11 bankruptcy and #Bitcoin  price isn't moving?Nice!,['Bitcoin'],Twitter Web App,False
GallantCEO News,United Kingdom,News • People • Interviews,2013-11-18 18:41:38,13852,20,36455,False,2023-03-01 23:52:15,"Number of Bitcoin Wallets With At Least 1 BTC Could Soon Hit a Million – How Could That Impact the BTC Price?

#Cryptocurrency #Bitcoin #BTC #hit

https://t.co/hVEHhRUKIH","['Cryptocurrency', 'Bitcoin', 'BTC', 'hit']",Pabbly Connect,False
Crypto is the future,LiaSuppanad,💥alpercorekci.eth,2022-12-21 23:25:04,1,1,0,False,2023-03-01 23:51:48,Buy some crypto today 👀🥸 #xrp #ETH #FLR #apt #Bitcoin the United States of America is joining the crypto market ;),"['xrp', 'ETH', 'FLR', 'apt', 'Bitcoin']",Twitter Web App,False
#TradingAllIn™ PoorsGuide.com by #maninthedot,Blocknode & Wall St.,#TradingAllIn™ @PoorsGuide's Human Curated News #Web3 #Stocks #SPACs #NFTs #Metaverse #IPOs #GameFi #FinTech #ETFs #DeFi #DAOs #Crypto #Blockchain by:@MichDe.Ⓜ,2020-11-29 19:36:12,2010,1406,21576,False,2023-03-01 23:51:43,".@Jack Dorsey’s Block Releases UI Teaser, Seeks Partners For Highly Anticipated Self-Custody #BitcoinWallet https://t.co/LNvWRkcjHQ via @BtcCasey $BTC @BitcoinMagazine #Bitcoin","['BitcoinWallet', 'Bitcoin']",Twitter Web App,False
Ethereum Yoda,,"UP or DOWN...
.
.
.
.
Price matters NOT.",2022-07-24 04:50:18,576,1,0,False,2023-03-01 23:51:37,"#Ethereum price update: 

#ETH $1663.96 USD
#Bitcoin 0.07042005 #BTC

Follow for recent ETH price updates
#altcoin, #cryptocurrency, #crypto","['Ethereum', 'ETH', 'Bitcoin', 'BTC', 'altcoin', 'cryptocurrency', 'crypto']",Twitter Web App,False
oussama clay,MAROC ,"Founder 
https://t.co/ChgJKSh6bk
creating timeless identities 
visual and brand identity designer",2013-11-18 00:33:47,23,67,564,False,2023-03-01 23:51:31,"BULLish on 
@BitcoinBullsNFT @ordinalswallet @ordswapbot @ordswap 
     #Ordinalsnft #Bitcoin #NFT #ordinals #OrdinalNFTs #BTCNFT #bull 
@BitcoinBullsNFT https://t.co/R57EuaGrPw","['Ordinalsnft', 'Bitcoin', 'NFT', 'ordinals', 'OrdinalNFTs', 'BTCNFT', 'bull']",Twitter Web App,False
Bitcoin Price Ticker,,Tweets the current price of #bitcoin every 5 minutes,2022-10-20 07:10:38,122,9,9,False,2023-03-01 23:51:16,"1₿ = $23642 2.10%📈

Details:
Change: 📈486.23$
24H Low = $23079🔻
24H High = $23884💹

#bitcoin #btc","['bitcoin', 'btc']",BitcoinLivePriceTicker,False
Ogunleye Femi,"Lagos, Nigeria",".......Cooking......
         💙❤️",2019-04-15 12:25:25,196,444,5068,False,2023-03-01 23:51:10,"GM @QuaiNetwork and community. A gentle reminder that we are still super-bullish on $Quai

@_QuaiNigeria #Secure #Scalable #Crypto #Quai #QuaiNetwork #QuaiDevs #EVM #blockchain #Web3 #Bitcoin #Decentralization #Crypto #trilemma","['Secure', 'Scalable', 'Crypto', 'Quai', 'QuaiNetwork', 'QuaiDevs', 'EVM', 'blockchain', 'Web3', 'Bitcoin', 'Decentralization', 'Crypto', 'trilemma']",Twitter Web App,False
Trader Jet Telegram Bot,,"The best assistant for #scalping on #Binance with more than 15 modules and #autotrading #ai system.

Have #RU and #EN versions!

Join for free 3 days trial 👇",2022-06-21 09:02:15,907,14,300,False,2023-03-01 23:51:01,"⬇️ SELL $GMX | 1h | #Binance
CCI: 205

 Join our bot for more signals (in bio)!
25 #ai #cci #signal #BUSD #crypto #finance #altcoins #binance #bitcoin #btc #GMX https://t.co/rSbmSXzahP","['Binance', 'ai', 'cci', 'signal', 'BUSD', 'crypto', 'finance', 'altcoins', 'binance', 'bitcoin', 'btc', 'GMX']",TwitterLikeRt_Nik,False
DoDo.BTC,"Manhattan, NY",Bitcoin Whales|Bitcoin Trader| Not financial advice,2020-02-07 10:53:24,125,604,212,False,2023-03-01 23:50:59,"#Bitcoin fell to $4,000 in 2020, but rose to nearly $30,000 by the end of the year.

Don't Underestimate the #BTC Halving

Expect the Fed to cut interest rates","['Bitcoin', 'BTC']",Twitter for iPhone,False
DataPool,,"A Club For Artificial Intelligence 🧮
Tell us which data you need📊
Contact for Twitter Insights🐦",2017-04-04 17:07:54,3882,269,163,False,2023-03-01 23:50:54,"Xrp Twitter Insight Words 

Last 7 Days
#btc #bitcoin #cryptocurrency
More Detail
👉https://t.co/dOF4NwWgLi https://t.co/VEeHorem5L","['btc', 'bitcoin', 'cryptocurrency']",datapool.app,False
Q,United Kingdom,"Saitama/SaitaRealty Holder.
MaziMatic NFT Holder, Referral Code: maziarmyLeSRBRb9uj",2013-11-15 02:58:06,3378,4710,59714,False,2023-03-01 23:50:54,"#Saitama #SaitamaWolfPack #SaitaPro
#Crypto #CryptoCurrency #SaitaWolves #ETH #Bitcoin #PaperVillage
#SaitamaToken
#BESUMMIT #SaitaRealty #SAITAMACOMMUNITY #SaitamaLLC #MetaVerse #WeAreSaitama

#UseSaitaPro #NFT #NFTs #NFTCommunity #SaitaCard

💜🐺💜WOLF🐺PACK💜🐺💜 https://t.co/l2l7MIzmyW","['Saitama', 'SaitamaWolfPack', 'SaitaPro', 'Crypto', 'CryptoCurrency', 'SaitaWolves', 'ETH', 'Bitcoin', 'PaperVillage', 'SaitamaToken', 'BESUMMIT', 'SaitaRealty', 'SAITAMACOMMUNITY', 'SaitamaLLC', 'MetaVerse', 'WeAreSaitama', 'UseSaitaPro', 'NFT', 'NFTs', 'NFTCommunity', 'SaitaCard']",Twitter for Android,False
Wee Blue Ghost,,I'm a wee blue ghost haunting Twitter with Bitcoin price and Naks equivalents and Hex too!,2020-10-17 08:24:46,434,81,81,False,2023-03-01 23:50:51,"- 
BTC price: $23,670 / £19,778 

42.25 Naks per USD
50.56 Naks per GBP

A #Nak is a millionth of a #Bitcoin. 
A #Sat is one hundred millionth.  
If a Sat is a cent, a Nak is a dollar! 
#Bitcoinprice 

01/03/2023  23:50:49 GMT https://t.co/TifT9WUTMK","['Nak', 'Bitcoin', 'Sat', 'Bitcoinprice']",weeblueghost,False
⚡ Mr. Crypto Giants🐋,"Dubai, United Arab Emirates","💥Follow if you want to be in crypto knowledge heaven!!!🔥🤑💸💵

https://t.co/peAB3PEIhx",2020-05-02 14:19:44,763,0,2,False,2023-03-01 23:50:44,"🚨 #Crypto Bank Charter Firm Protego Trust Lays Off Most of Its Workforce: Source
#Bitcoin","['Crypto', 'Bitcoin']",CryptoGiants_,False
Ethereum Yoda,,"UP or DOWN...
.
.
.
.
Price matters NOT.",2022-07-24 04:50:18,576,1,0,False,2023-03-01 23:50:37,"#Ethereum price update: 

#ETH $1665.06 USD
#Bitcoin 0.07034298680345526 #BTC

Follow for recent ETH price updates
#altcoin, #cryptocurrency, #crypto","['Ethereum', 'ETH', 'Bitcoin', 'BTC', 'altcoin', 'cryptocurrency', 'crypto']",Twitter Web App,False
BNB Price Tracker,,#BNB #BNBTracker #BinanceCoin #Binance,2022-07-11 05:24:30,492,5,0,False,2023-03-01 23:50:37,"#BinanceCoin price update: $BNB

#BNB $302.85 USD

#Bitcoin 0.01279 BTC

#Ethereum 0.18189 ETH

#altcoin #crypto #cryptocurrency

Follow for recent BNB price updates","['BinanceCoin', 'BNB', 'Bitcoin', 'Ethereum', 'altcoin', 'crypto', 'cryptocurrency']",Twitter Web App,False
Q,United Kingdom,"Saitama/SaitaRealty Holder.
MaziMatic NFT Holder, Referral Code: maziarmyLeSRBRb9uj",2013-11-15 02:58:06,3378,4710,59714,False,2023-03-01 23:50:30,"#Saitama #SaitamaWolfPack #SaitaPro
#Crypto #CryptoCurrency #SaitaWolves #ETH #Bitcoin #PaperVillage
#SaitamaToken
#BESUMMIT #SaitaRealty #SAITAMACOMMUNITY #SaitamaLLC #MetaVerse #WeAreSaitama

#UseSaitaPro #NFT #NFTs #NFTCommunity #SaitaCard

💜🐺💜WOLF🐺PACK💜🐺💜 https://t.co/xY7LxS10g3","['Saitama', 'SaitamaWolfPack', 'SaitaPro', 'Crypto', 'CryptoCurrency', 'SaitaWolves', 'ETH', 'Bitcoin', 'PaperVillage', 'SaitamaToken', 'BESUMMIT', 'SaitaRealty', 'SAITAMACOMMUNITY', 'SaitamaLLC', 'MetaVerse', 'WeAreSaitama', 'UseSaitaPro', 'NFT', 'NFTs', 'NFTCommunity', 'SaitaCard']",Twitter for Android,False
Q,United Kingdom,"Saitama/SaitaRealty Holder.
MaziMatic NFT Holder, Referral Code: maziarmyLeSRBRb9uj",2013-11-15 02:58:06,3378,4710,59714,False,2023-03-01 23:50:17,"#Saitama #SaitamaWolfPack #SaitaPro
#Crypto #CryptoCurrency #SaitaWolves #ETH #Bitcoin #PaperVillage
#SaitamaToken
#BESUMMIT #SaitaRealty #SAITAMACOMMUNITY #SaitamaLLC #MetaVerse #WeAreSaitama

#UseSaitaPro #NFT #NFTs #NFTCommunity #SaitaCard

💜🐺💜WOLF🐺PACK💜🐺💜 https://t.co/iiRZb4h134","['Saitama', 'SaitamaWolfPack', 'SaitaPro', 'Crypto', 'CryptoCurrency', 'SaitaWolves', 'ETH', 'Bitcoin', 'PaperVillage', 'SaitamaToken', 'BESUMMIT', 'SaitaRealty', 'SAITAMACOMMUNITY', 'SaitamaLLC', 'MetaVerse', 'WeAreSaitama', 'UseSaitaPro', 'NFT', 'NFTs', 'NFTCommunity', 'SaitaCard']",Twitter for Android,False
Ezcsakcrypto,,"Engineer by day, Crypto Trader by night. But don't ask me for financial advice, I'm Hungarian.",2013-08-04 14:55:56,88,192,8148,False,2023-03-01 23:50:06,"#REN long closed 78.82% profit
#NEO short closed 20.27% profit

#btc #Crypto #bitcoin #cryptocurrencies #cryptotrading https://t.co/7MkXwXpq3r","['REN', 'NEO', 'btc', 'Crypto', 'bitcoin', 'cryptocurrencies', 'cryptotrading']",Twitter for Android,False
Rikka,Karawang,Sing song,2018-11-10 19:00:31,56,78,197,False,2023-03-01 23:50:03,"crypto grup @stellarsandbox $XLM
#Crypto 
#Bitcoin 
#stellar
#lobstr","['Crypto', 'Bitcoin', 'stellar', 'lobstr']",Twitter for Android,False
Jimbo | 444,,CNFTs | BTCNFTs,2021-07-12 21:35:02,411,498,5492,False,2023-03-01 23:50:01,@cryptorecruitr #bitcoin meets Cardano. https://t.co/TjDOBALfgj,['bitcoin'],Twitter for iPhone,False
Whales Radar,İstanbul,"https://t.co/oZVtGZzi5n

Crypto Whale Radar and Scanner

#Crypto #Bitcoin #Cryptocurrency #RastGele

Whales Radar is brand of @FxCanli",2010-01-03 15:43:57,2779,1,2,False,2023-03-01 23:50:01,"#XNOUSDT #XNO 
Signal #5  

Last Signal: 9 mins ago 
Before: 0.90900000 
After: 0.90500000 🔴(-0.44%) 
Volume Chng: 53,848 USDT (12.74%) 

Daily  
Price Chng: (1.80%)🟢 
Volume: 476,424 USDT 

🚀PRO ➡️ https://t.co/1EgdzYf2ot 🐳

#Crypto #Bitcoin #BTC #ETH","['XNOUSDT', 'XNO', 'Crypto', 'Bitcoin', 'BTC', 'ETH']",MT4 to Twitter,False
Q,United Kingdom,"Saitama/SaitaRealty Holder.
MaziMatic NFT Holder, Referral Code: maziarmyLeSRBRb9uj",2013-11-15 02:58:06,3378,4710,59714,False,2023-03-01 23:50:00,"#Saitama #SaitamaWolfPack #SaitaPro
#Crypto #CryptoCurrency #SaitaWolves #ETH #Bitcoin #PaperVillage
#SaitamaToken
#BESUMMIT #SaitaRealty #SAITAMACOMMUNITY #SaitamaLLC #MetaVerse #WeAreSaitama

#UseSaitaPro #NFT #NFTs #NFTCommunity #SaitaCard

💜🐺💜WOLF🐺PACK💜🐺💜 https://t.co/GYDBpmcAZ0","['Saitama', 'SaitamaWolfPack', 'SaitaPro', 'Crypto', 'CryptoCurrency', 'SaitaWolves', 'ETH', 'Bitcoin', 'PaperVillage', 'SaitamaToken', 'BESUMMIT', 'SaitaRealty', 'SAITAMACOMMUNITY', 'SaitamaLLC', 'MetaVerse', 'WeAreSaitama', 'UseSaitaPro', 'NFT', 'NFTs', 'NFTCommunity', 'SaitaCard']",Twitter for Android,False
CRYPTO ANALYTICS,UKRAINE,"The best #BTC & #Crypto market analysis. 
I take pride in creating beautiful, unbiased #Cryptocurrency charts that everyone can understand... Don't be misled!",2021-05-17 12:45:11,227,84,1038,False,2023-03-01 23:49:58,"⚠️ #BTC CAUTION! ⚠️
 
- Market is VERY CHOPPY a.t.m.
- I expect volume &amp; volatility pickup.
- New daily 🕯️ in 10 min. 
- #Bitcoin @  major level on HTF.
-  A BIG MOVE is coming 💯

Potentially a SHAKEOUT coming before confirmation of direction ⬇️⬆️

📣 USE CAUTION‼️ (👀 my 📊)","['BTC', 'Bitcoin']",Twitter for Android,False
Naples Bitcoin + Blockchain Group,"Naples, FL","Bitcoin + blockchain meetup group in Naples, Florida. A #Bitcoin focused #blockchain friendly community for all, no matter where you are on your Web 3 journey.",2022-10-22 00:56:05,72,162,250,False,2023-03-01 23:49:54,#Bitcoin    Day Naples 2024! Come see what a number 1 city feels like when surrounded by a bunch of bitcoiners! https://t.co/Q8mPYMJ3S1,['Bitcoin'],Twitter for Android,False
Dan Moyer,,Owner Sportstrendz Limited-Family 1st- Avid Sports Fan/Memorabilia  Collector- Investor- Wine/Bourbon Enthusiast,2012-04-26 15:51:35,24,130,1343,False,2023-03-01 23:49:46,@PeterSchiff Hmmm guess what that can never happen to #Bitcoin,['Bitcoin'],Twitter for iPhone,False
Melvin da Cat,Noumena,"e/acc - engineer and artist: Startups, Research, Machine Learning",2018-07-13 19:39:10,619,5013,56007,False,2023-03-01 23:49:42,.@repligate let's plug in Sydney to #Bitcoin's RNG ;),['Bitcoin'],Twitter Web App,False
Only$ONEBitcoin.eth,Metaverse,#Bitcoin #BTC,2021-12-14 21:00:27,129,649,8599,False,2023-03-01 23:49:40,"Very soon #Bitcoin, $MARA $MSTR $COIN $RIOT https://t.co/HhyTSk2FMn",['Bitcoin'],Twitter Web App,False
Ethereum Yoda,,"UP or DOWN...
.
.
.
.
Price matters NOT.",2022-07-24 04:50:18,576,1,0,False,2023-03-01 23:49:36,"#Ethereum price update: 

#ETH $1663.63 USD
#Bitcoin 0.07041042 #BTC

Follow for recent ETH price updates
#altcoin, #cryptocurrency, #crypto","['Ethereum', 'ETH', 'Bitcoin', 'BTC', 'altcoin', 'cryptocurrency', 'crypto']",Twitter Web App,False
Live Price Crypto,,"I Tweet the latest #BTC/#ETH/#BNB/#MATIC & #StableCoins price
+Daily/Weekly Technical Indicators 

Live since 20/03/2022

@web3africa1",2022-03-10 14:06:46,4463,9,24,False,2023-03-01 23:49:31,"#Bitcoin Fear and Greed index

Current price is 23653 $

#BTC #Crypto

(16/16)
461039 https://t.co/7zmQr9Zq88","['Bitcoin', 'BTC', 'Crypto']",vaiotapi,False
Bitcointik,,"#Bitcoin News, Insight & Commentary   ☀️  FREE ☀️

#Bitcointik HODL #BTC",2023-01-27 17:42:29,4,2,24,False,2023-03-01 23:49:27,"$BTC

Let's break this level and move up to $24,500

Please and thank you

#Crypto #Bitcoin #BTC #ETH #Ethereum #shib #doge #ALT #Coin #token #DeFi #Web3 #Bulls #NFTs #NFT #Airdrops #Airdrop https://t.co/RunA2Fgo32","['Crypto', 'Bitcoin', 'BTC', 'ETH', 'Ethereum', 'shib', 'doge', 'ALT', 'Coin', 'token', 'DeFi', 'Web3', 'Bulls', 'NFTs', 'NFT', 'Airdrops', 'Airdrop']",Twitter for Android,False
Slunj,NOT FINANCIAL ADVICE,"Investor, #bitcoin optimist, wannabe #psytrance DJ.",2019-05-11 21:48:46,1220,1602,1373,False,2023-03-01 23:49:26,"Within a matter of weeks, #Bitcoin will be knocking on 30k and #Ethereum in the 2000s.

Most people will get caught sidelined.

Don't be one of them.","['Bitcoin', 'Ethereum']",Twitter Web App,False
Michael Powacht,Bangkok,"Early #Bitcoin adopter and educator, Open Source software architect, Black Metal aficionado 🤘🎸
https://t.co/hwb7y2EaSQ",2021-06-09 10:04:11,108,94,3677,False,2023-03-01 23:49:19,"Break from the shackles of fiat, say NO to CBDCs. 
#bitcoin and #Lightning⚡️ https://t.co/mXXzb86EC6","['bitcoin', 'Lightning']",Twitter Web App,False
Q,United Kingdom,"Saitama/SaitaRealty Holder.
MaziMatic NFT Holder, Referral Code: maziarmyLeSRBRb9uj",2013-11-15 02:58:06,3378,4710,59714,False,2023-03-01 23:49:14,"#Saitama #SaitamaWolfPack #SaitaPro
#Crypto #CryptoCurrency #SaitaWolves #ETH #Bitcoin #PaperVillage
#SaitamaToken
#BESUMMIT #SaitaRealty #SAITAMACOMMUNITY #SaitamaLLC #MetaVerse #WeAreSaitama

#UseSaitaPro #NFT #NFTs #NFTCommunity #SaitaCard

💜🐺💜WOLF🐺PACK💜🐺💜 https://t.co/Hd2fQtYgWb","['Saitama', 'SaitamaWolfPack', 'SaitaPro', 'Crypto', 'CryptoCurrency', 'SaitaWolves', 'ETH', 'Bitcoin', 'PaperVillage', 'SaitamaToken', 'BESUMMIT', 'SaitaRealty', 'SAITAMACOMMUNITY', 'SaitamaLLC', 'MetaVerse', 'WeAreSaitama', 'UseSaitaPro', 'NFT', 'NFTs', 'NFTCommunity', 'SaitaCard']",Twitter for Android,False
Data Metrics UG,,"Forecasting and analysis models with artificial intelligence for all major cryptocurrency metrics and trading signals.
Web: https://t.co/Ab0F4RF0TU | https://t.co/btgqITXxLC",2021-05-14 08:03:59,11489,214,468,False,2023-03-01 23:49:13,"🤷‍♂️ What if 🤷‍♂️  How much money would you have today, if you had invested $500.00 in #Bitcoin-gold $BTG 1 years ago? Your investment today would have a value of $269.77 (-46.05%) 💰💰 | 🪙 =&gt; 15.60 #BTG | 👁️  More: https://t.co/dczOLS1pfg https://t.co/nPkZN3w5kC","['Bitcoin', 'BTG']",CoinforecastTwitterTweeter,False
Crypto is the future,,"I will post a lot of buying signals for BTC trading, so I hope that you block me. Drop all everything, Buy Bitcoin for the future I was together with you!",2019-09-28 16:48:12,2198,189,16,False,2023-03-01 23:49:08,"$BTC Going up signal on a 1 hour chart!
Price: \3237059.0 (2023/03/02 08:43)
#Bitcoin #FX #BTC #crypto","['Bitcoin', 'FX', 'BTC', 'crypto']",dlvr.it,False
CJK,Free Market @ Internet Economy,Tweets on #Bitcoin as reserve asset of internet economy • Make Real Estate Great Again @PeoplesReserve A Market Maker for #WeThePeople $PRN • @btcFairValue,2011-12-11 03:29:00,996,332,2722,False,2023-03-01 23:49:06,"Economists warn recession is causing thousands of people to suddenly force higher prices

🤡🌎 headlines in all industries
coming soon to finance ☝️

#Bitcoin is truth, lets start there! https://t.co/9XNgBIFZ9l",['Bitcoin'],Twitter for Android,False
Q,United Kingdom,"Saitama/SaitaRealty Holder.
MaziMatic NFT Holder, Referral Code: maziarmyLeSRBRb9uj",2013-11-15 02:58:06,3378,4710,59714,False,2023-03-01 23:49:03,"#Saitama #SaitamaWolfPack #SaitaPro
#Crypto #CryptoCurrency #SaitaWolves #ETH #Bitcoin #PaperVillage
#SaitamaToken
#BESUMMIT #SaitaRealty #SAITAMACOMMUNITY #SaitamaLLC #MetaVerse #WeAreSaitama

#UseSaitaPro #NFT #NFTs #NFTCommunity #SaitaCard

💜🐺💜WOLF🐺PACK💜🐺💜 https://t.co/N0JVkzK5UO","['Saitama', 'SaitamaWolfPack', 'SaitaPro', 'Crypto', 'CryptoCurrency', 'SaitaWolves', 'ETH', 'Bitcoin', 'PaperVillage', 'SaitamaToken', 'BESUMMIT', 'SaitaRealty', 'SAITAMACOMMUNITY', 'SaitamaLLC', 'MetaVerse', 'WeAreSaitama', 'UseSaitaPro', 'NFT', 'NFTs', 'NFTCommunity', 'SaitaCard']",Twitter for Android,False
Crypto Volume,휴  신 린,https://t.co/raykBUraVr,2023-02-07 23:56:35,0,0,0,False,2023-03-01 23:49:00,HookedProtocol HookedWallet🚨target price: 50$ #Bitcoin #bnb #Gold #Hooked #HookedProtocol #Ethereum #ETH #TRX #WorldCup,"['Bitcoin', 'bnb', 'Gold', 'Hooked', 'HookedProtocol', 'Ethereum', 'ETH', 'TRX', 'WorldCup']",Twitter Web App,False
Q,United Kingdom,"Saitama/SaitaRealty Holder.
MaziMatic NFT Holder, Referral Code: maziarmyLeSRBRb9uj",2013-11-15 02:58:06,3378,4710,59714,False,2023-03-01 23:48:43,"#Saitama #SaitamaWolfPack #SaitaPro
#Crypto #CryptoCurrency #SaitaWolves #ETH #Bitcoin #PaperVillage
#SaitamaToken
#BESUMMIT #SaitaRealty #SAITAMACOMMUNITY #SaitamaLLC #MetaVerse #WeAreSaitama

#UseSaitaPro #NFT #NFTs #NFTCommunity #SaitaCard

💜🐺💜WOLF🐺PACK💜🐺💜 https://t.co/fMN0flRmDK","['Saitama', 'SaitamaWolfPack', 'SaitaPro', 'Crypto', 'CryptoCurrency', 'SaitaWolves', 'ETH', 'Bitcoin', 'PaperVillage', 'SaitamaToken', 'BESUMMIT', 'SaitaRealty', 'SAITAMACOMMUNITY', 'SaitamaLLC', 'MetaVerse', 'WeAreSaitama', 'UseSaitaPro', 'NFT', 'NFTs', 'NFTCommunity', 'SaitaCard']",Twitter for Android,False
BNB Price Tracker,,#BNB #BNBTracker #BinanceCoin #Binance,2022-07-11 05:24:30,492,5,0,False,2023-03-01 23:48:35,"#BinanceCoin price update: $BNB

#BNB $302.81 USD

#Bitcoin 0.0128 BTC

#Ethereum 0.18189 ETH

#altcoin #crypto #cryptocurrency

Follow for recent BNB price updates","['BinanceCoin', 'BNB', 'Bitcoin', 'Ethereum', 'altcoin', 'crypto', 'cryptocurrency']",Twitter Web App,False
Ethereum Yoda,,"UP or DOWN...
.
.
.
.
Price matters NOT.",2022-07-24 04:50:18,576,1,0,False,2023-03-01 23:48:35,"#Ethereum price update: 

#ETH $1664.76 USD
#Bitcoin 0.07037484977136502 #BTC

Follow for recent ETH price updates
#altcoin, #cryptocurrency, #crypto","['Ethereum', 'ETH', 'Bitcoin', 'BTC', 'altcoin', 'cryptocurrency', 'crypto']",Twitter Web App,False
jihadoScope,,Monitoring jihadist activity across the web and social media. Tweets in English and French. Open DM.,2017-05-02 13:32:14,10594,292,452,False,2023-03-01 23:48:14,"""Be the owner of an arrow for Jihad during the month of victories."" Al Qaeda linked group solicits #Bitcoin  donations for weapons and armed jihad with emphasis on the upcoming month of Ramadan. #Terrorism","['Bitcoin', 'Terrorism']",Twitter Web App,False
Satoshigallery,"London, England",Bitcoin culture and art since 2012 🍊💊🎨,2016-02-14 16:37:58,4733,403,11003,False,2023-03-01 23:48:06,"Peace and love from the country of freedom!

El Salvador 🇸🇻 is promoting a peaceful revolution. President @nayibbukele embraces all the values we believe in: dios, union, libertad, #bitcoin.

Is incredible what a good President can achieve in such a short period of time

🇸🇻🫶🏻🌋🧢 https://t.co/81i6Sh6sgu",['bitcoin'],Twitter for iPhone,False
Sadtoshi 🕳️🐇,Interwebz ,$Btc They Don’t See It Coming 👀 #Bitcoin #Hodl ≠ not financial advice,2023-02-20 04:29:31,135,624,896,False,2023-03-01 23:47:59,mit kids r dumb #bullish #bitcoin https://t.co/WXaDS5BMfD,"['bullish', 'bitcoin']",Twitter for iPhone,False
Crypto Themis 👸🏼,DiffaZA 김 상 노ELF,Lily Subandi,2023-02-07 21:36:06,0,0,0,False,2023-03-01 23:47:58,#BITCOIN #BTC impulse bar 22529.32 - 22582.54$BTC Bar close 22574.58#Crypto short term volatility detection,"['BITCOIN', 'BTC']",Twitter Web App,False
John M. Drew,"Naples, FL",#Bitcoin HODLer♦Naples Bitcoin + Blockchain Group  ♦ #биткоин для всех!♦ Southwest Florida #BTC community organizer ♦ #ბიტკოინის მაინინგი ⚡ Doer 🎯,2009-01-16 14:30:34,206,349,4604,False,2023-03-01 23:47:57,#Bitcoin Day Naples 2024! Come see what a number 1 city feels like when surrounded by a bunch of bitcoiners! https://t.co/3BNyXO9Z0c,['Bitcoin'],Twitter for Android,False
Maosashi Nekomoto,Atlantica  ,we do it for fun only,2020-01-03 21:57:03,557,1026,926,False,2023-03-01 23:47:55,Breaking: #Bitcoin is pumping again. Is it going to break 25k level?,['Bitcoin'],Twitter for Android,False
Meta_DHack,United States,Professional Recovery Services | •Crypto | •iCloud ID •Instagram | Snapchat | DM 247,2020-09-15 18:12:32,384,381,1230,False,2023-03-01 23:47:43,"Y’all Message me for any account recovery or hacking #CYBER #security #Coinbase #Bitcoin
#BNB","['CYBER', 'security', 'Coinbase', 'Bitcoin', 'BNB']",Twitter for iPhone,False
Wiseguy Futures,"Chicago, IL",Market Mayhem & Mafia Picnics,2023-01-20 22:52:54,7,151,20,False,2023-03-01 23:47:41,"Join Wiseguy Futures Trading Guild - weird: https://t.co/ImvWp88RLf

@WiseguyFutures
#trading #crudeoil #oiltrading #oilprices #oilprice #oilgas #energies  #chicagotrading #investing #futures #forex #bitcoin #crypto #futurestrading #wiseguyfutures #commodities #commoditytrading https://t.co/pudGG5kU0F","['trading', 'crudeoil', 'oiltrading', 'oilprices', 'oilprice', 'oilgas', 'energies', 'chicagotrading', 'investing', 'futures', 'forex', 'bitcoin', 'crypto', 'futurestrading', 'wiseguyfutures', 'commodities', 'commoditytrading']",Twitter for Android,False
Meta_DHack,United States,Professional Recovery Services | •Crypto | •iCloud ID •Instagram | Snapchat | DM 247,2020-09-15 18:12:32,384,381,1230,False,2023-03-01 23:47:32,Y’all Message me for any account recovery or  account hack  #CYBER #security #Coinbase #Bitcoin #BNB #facebook #snapchat #instagram,"['CYBER', 'security', 'Coinbase', 'Bitcoin', 'BNB', 'facebook', 'snapchat', 'instagram']",Twitter for iPhone,False
Bailey Jakob ⚡️,,Bitcoin Oprah // Founder of @MrSatoshiStore & @BitByteDotNews,2018-03-18 05:59:20,723,462,1805,False,2023-03-01 23:47:19,"The power of #Bitcoin Lightning:

⚡️Super fast
⚡️Low fees
⚡️Scalable
⚡️Secure",['Bitcoin'],Twitter for iPhone,False
CryptoClick,"New York, NY",Curated Crypto News - One click away!,2009-07-16 23:29:06,11699,6611,2,False,2023-03-01 23:47:18,🔥 Bump and long❓ Check the post https://t.co/BZAMPdXeyU #bitcoin @tradingview #crypto $btc #btc,"['bitcoin', 'crypto', 'btc']",Make (formerly Integromat),False
ice,him/him cus im him,"more personal account

other account: @soulkingice",2022-12-15 14:05:45,286,228,1579,False,2023-03-01 23:47:07,"@lolnotpoor @Loetto_r ratio
#NFT #Bitcoin          
oh what was that??? sorry i can't hear you, because my metamask trust wallet got lost, the nfts of mine was stolen,  i need a sugar daddy as well and i forgot to say my coinbase account got hacked, note that any assistance is g","['NFT', 'Bitcoin']",Twitter Web App,False
🔴ChicagoWiseGuy,Chicago USA,Market Mayhem & Mafia Picnics,2021-06-15 01:20:34,45,499,601,False,2023-03-01 23:46:59,"Join Wiseguy Futures Trading Guild - weird: https://t.co/fSDEZuXL48

@WiseguyFutures
#trading #crudeoil #oiltrading #oilprices #oilprice #oilgas #energies  #chicagotrading #investing #futures #forex #bitcoin #crypto #futurestrading #wiseguyfutures #commodities #commoditytrading https://t.co/dQuFPAgKqV","['trading', 'crudeoil', 'oiltrading', 'oilprices', 'oilprice', 'oilgas', 'energies', 'chicagotrading', 'investing', 'futures', 'forex', 'bitcoin', 'crypto', 'futurestrading', 'wiseguyfutures', 'commodities', 'commoditytrading']",Twitter for Android,False
Gflings.eth,İstanbul,you already know me #nft,2022-11-08 21:52:16,1066,80,5,False,2023-03-01 23:46:55,Flight Time #fly #NFT #NFTCommunity #nftart #Bitcoin,"['fly', 'NFT', 'NFTCommunity', 'nftart', 'Bitcoin']",Twitter Web App,False
CryptoverseEu,"New York, USA","NFT
 https://t.co/F2XXXLdMN6
Instagram https://t.co/El69dsPd8u",2022-11-09 20:53:25,215,1033,1,False,2023-03-01 23:46:45,"#Bitcoin #Cryptonews #Ethereum #BTC
Binance Tests AI-Infused NFT Platform Bicasso in Limited 10K Mint Run  
https://t.co/d7ylnlUWqI","['Bitcoin', 'Cryptonews', 'Ethereum', 'BTC']",SMAP Lite,False
Moony Baggins,,#Bitcoin - only | Nostr,2020-11-17 19:10:24,519,427,21698,False,2023-03-01 23:46:36,"Global liquidity. After a couple red candles, we’re due for another run if history rhymes. #bitcoin https://t.co/kBpN1EUAb9",['bitcoin'],Twitter for iPhone,False
BNB Price Tracker,,#BNB #BNBTracker #BinanceCoin #Binance,2022-07-11 05:24:30,492,5,0,False,2023-03-01 23:46:34,"#BinanceCoin price update: $BNB

#BNB $302.7 USD

#Bitcoin 0.0128 BTC

#Ethereum 0.182 ETH

#altcoin #crypto #cryptocurrency

Follow for recent BNB price updates","['BinanceCoin', 'BNB', 'Bitcoin', 'Ethereum', 'altcoin', 'crypto', 'cryptocurrency']",Twitter Web App,False
Ethereum Yoda,,"UP or DOWN...
.
.
.
.
Price matters NOT.",2022-07-24 04:50:18,576,1,0,False,2023-03-01 23:46:34,"#Ethereum price update: 

#ETH $1663.23 USD
#Bitcoin 0.07033068611353431 #BTC

Follow for recent ETH price updates
#altcoin, #cryptocurrency, #crypto","['Ethereum', 'ETH', 'Bitcoin', 'BTC', 'altcoin', 'cryptocurrency', 'crypto']",Twitter Web App,False
Slunj,NOT FINANCIAL ADVICE,"Investor, #bitcoin optimist, wannabe #psytrance DJ.",2019-05-11 21:48:46,1220,1602,1373,False,2023-03-01 23:46:34,"#Bitcoin and #Ethereum are about to break their 2 year downtrends and you're bearish?

You won't know FOMO until you see what happens next.

Pay attention.","['Bitcoin', 'Ethereum']",Twitter Web App,False
offthebooks.crypto,"Bay Area, CA",@BleacherReport @CBSSports @ESPN @FanSided @numberFire @YahooSports /// @Yardbarker🔥 #Bitcoin crypto sports and my random thoughts,2011-07-22 02:56:33,1776,1543,78748,False,2023-03-01 23:46:23,Binance Tests AI-Infused NFT Platform Bicasso in Limited 10K Mint Run #BitcoinCom #bitcoin #crypto https://t.co/a2s04BkGof,"['BitcoinCom', 'bitcoin', 'crypto']",Flux Capacitor 1.21 Gigawatts!?!,False
Trackify | #1 BTC Price Action Bot,Monitoring BTCUSDT...,📈| #1 BTC Price Action Bot 🕒| Notifies every 5 minutes,2023-01-18 02:40:53,119,1,206,False,2023-03-01 23:46:22,"Bitcoin has increased 0.24% in the past 5 minutes!
Started at $23597.49
Ended at $23653.7

#BTC #crypto #bitcoin #cryptocurrency #ethereum #blockchain #eth #currency #xrp #trading #price #exchange #twitter #ltc #binance #finance","['BTC', 'crypto', 'bitcoin', 'cryptocurrency', 'ethereum', 'blockchain', 'eth', 'currency', 'xrp', 'trading', 'price', 'exchange', 'twitter', 'ltc', 'binance', 'finance']",bitcoinpricetracker,False
K A L E O,Worldwide,"""καλέω: to call"" | #Bitcoin | Crypto | Options | Engineer | Do Your Own Research | Not Financial Advice | This is My Journal. ( Co-Founder - @LedgArt_io )",2017-09-08 19:15:10,565075,1032,57742,False,2023-03-01 23:46:20,"#Bitcoin / $BTC

Finally looks like the chart is preparing to continue the send. https://t.co/cfiTProwCt",['Bitcoin'],Twitter Web App,False
Bitcoin Price Ticker,,Tweets the current price of #bitcoin every 5 minutes,2022-10-20 07:10:38,122,9,9,False,2023-03-01 23:46:15,"1₿ = $23639 2.32%📈

Details:
Change: 📈535.19$
24H Low = $23079🔻
24H High = $23884💹

#bitcoin #btc","['bitcoin', 'btc']",BitcoinLivePriceTicker,False
B Didi Taihuttu BALLIN 💥,Born to free,"The #Bitcoin B Family, in BTC since 2013 All-in $BTC Nomad since 2016! HODL, DCA & TRADING. ZOOM OUT!! FLEXIBILITY IS THE NEW STABILITY",2011-11-23 00:42:44,10515,0,0,False,2023-03-01 23:46:06,Bam 💥 This #bitcoin  sign at the #Amsterdam #NoVaccinePassport protest says it all 🚀💥🚀 https://t.co/25V2sA78Sg,"['bitcoin', 'Amsterdam', 'NoVaccinePassport']",Twitter for iPhone,False
crypto_class,,Crypto news,2022-11-15 21:17:35,25,150,386,False,2023-03-01 23:46:03,"What do you like to use #BITCOIN OR #CBDC
?
And why ?","['BITCOIN', 'CBDC']",Twitter for Android,False
Fred Wick,U.S,"Be great today! $ETH / $BTC / $LTC ReplyGuy | This video brings a tear to my eye, every-time: https://t.co/6WTutBL6j8",2019-01-29 06:12:01,656,851,32749,False,2023-03-01 23:45:49,"Here comes #bitcoin slow grinding back up, fishing for FoMo longs. Ponzi gonna Ponzi.",['bitcoin'],Twitter for iPhone,False
CAIR (Pump/Dump),,CAIR is a smart method to find PUMP/DUMP using the latest advanced AI techniques (not investment advice). PUMP-DUMP results https://t.co/9FJGx30Qlr,2021-08-30 18:15:59,5976,1,107,False,2023-03-01 23:45:41,"PUMP : 1-Hour Chart (1x!) (NORMAL)
Coin    : #KSMUSDT
 
Entry   : 37.8
R1        : 38.2 (% 1.0)
R2       : 38.9 (% 2.8)
R3       : 40.5 (% 6.7)
S1        : 36.5 (% -3.4)
 
Time   : 01/03/2023 23:45 (UTC)
Chart  : https://t.co/NqkBK0h9Nu
 
#KSM #Bitcoin $KSM","['KSMUSDT', 'KSM', 'Bitcoin']",BinanceTW,False
JumpLine,,"// NOT FINANCIAL ADVICE //

Created by @0xAphelion",2022-10-02 12:53:56,1809,1,0,False,2023-03-01 23:45:39,"BTCUSDT [15m]: Cross Above VWAP

$BTC #BTC #Bitcoin https://t.co/pP4iFoHm3Y","['BTC', 'Bitcoin']",JumpLineAlerts,False
JumpLine,,"// NOT FINANCIAL ADVICE //

Created by @0xAphelion",2022-10-02 12:53:56,1809,1,0,False,2023-03-01 23:45:39,"BTCUSDT [5m]: Upper Bollinger Band Break

$BTC #BTC #Bitcoin https://t.co/I9L0SjxwYt","['BTC', 'Bitcoin']",JumpLineAlerts,False
JumpLine,,"// NOT FINANCIAL ADVICE //

Created by @0xAphelion",2022-10-02 12:53:56,1809,1,0,False,2023-03-01 23:45:39,"BTCUSDT [5m]: Cross Above VWAP

$BTC #BTC #Bitcoin https://t.co/NNd4vbgIY9","['BTC', 'Bitcoin']",JumpLineAlerts,False
⚡ Mr. Crypto Giants🐋,"Dubai, United Arab Emirates","💥Follow if you want to be in crypto knowledge heaven!!!🔥🤑💸💵

https://t.co/peAB3PEIhx",2020-05-02 14:19:44,763,0,2,False,2023-03-01 23:45:36,"🚨 #XRP Bullish Cross Is Looming, An Easy Path Toward The $2 Mark?
#Bitcoin https://t.co/6dhkBc0M2P","['XRP', 'Bitcoin']",CryptoGiants_,False
Ethereum Yoda,,"UP or DOWN...
.
.
.
.
Price matters NOT.",2022-07-24 04:50:18,576,1,0,False,2023-03-01 23:45:34,"#Ethereum price update: 

#ETH $1662.74 USD
#Bitcoin 0.07038689 #BTC

Follow for recent ETH price updates
#altcoin, #cryptocurrency, #crypto","['Ethereum', 'ETH', 'Bitcoin', 'BTC', 'altcoin', 'cryptocurrency', 'crypto']",Twitter Web App,False
Total Crypto Update,USA,"Welcome Cryptopians, Lets dive into todays updates.  
- https://t.co/pJP745MZqY
- https://t.co/WGzOumSnUr",2022-10-14 04:00:31,866,1185,577,False,2023-03-01 23:45:23,Brian Brooks joins #hedera #crypto #bitcoin #viral #short #escapethematr... https://t.co/F8jUnBV2sd via @YouTube,"['hedera', 'crypto', 'bitcoin', 'viral', 'short', 'escapethematr']",Twitter for iPhone,False
Crypto Status | Live,,You can follow the instant status of cryptocurrencies.,2022-06-28 09:13:47,91,3,0,False,2023-03-01 23:45:06,"1️⃣ #Bitcoin live: 23629.6000$ - Change: %0.88 🟢 

1️⃣ #Ethereum live: 1662.3700$ - Change: %1.24 🟢 

Bonus as much as your investment (Coinbase) https://t.co/SbpSs4s0wh 🟢
    
🕑 02:45

#btc #eth #coin #crypto #Etherium
id: 7c8f303a58","['Bitcoin', 'Ethereum', 'btc', 'eth', 'coin', 'crypto', 'Etherium']",Twitter for iPhone,False
Whales Radar,İstanbul,"https://t.co/oZVtGZzi5n

Crypto Whale Radar and Scanner

#Crypto #Bitcoin #Cryptocurrency #RastGele

Whales Radar is brand of @FxCanli",2010-01-03 15:43:57,2779,1,2,False,2023-03-01 23:45:01,"#XECUSDT #XEC 
Signal #2  

Last Signal: 2694 mins ago 
Before: 0.00003509 
After: 0.00003470 🔴(-1.11%) 
Volume Chng: 122,780 USDT (10.04%) 

Daily  
Price Chng: (2.06%)🟢 
Volume: 1,335,932 USDT 

🚀PRO ➡️ https://t.co/1EgdzYf2ot 🐳

#Crypto #Bitcoin #BTC #ETH","['XECUSDT', 'XEC', 'Crypto', 'Bitcoin', 'BTC', 'ETH']",MT4 to Twitter,False
Kevin,"Illinois, USA","#bitcoin is HOPE ⚡️| Gold, 🪙, Fix the money, Fix the world | Crypto minimalist | 🤡 🌎",2018-01-08 03:01:09,881,1252,14344,False,2023-03-01 23:45:01,"Some of the biggest crypto Twitter accounts are some of the biggest liars/scammers. 

#bitcoin",['bitcoin'],Twitter for iPhone,False
エモ太郎,,,2015-04-02 08:03:33,103,42,37,False,2023-03-01 23:44:57,Here's to looking forward to more... surprises! #CryptoDonalt #Altcoins $ETH 2023 is sure going to be a wild ride in the crypto game. Can't wait for (more) pandemonium and chaos. 🤣#Bitcoin$BTC,"['CryptoDonalt', 'Altcoins', 'Bitcoin']",Twitter Web App,False
wadim_nemec,United States,"Web developer 💻 , Crypto Engineer 📊, Investor 🏦Successful built my own school through crypto 🎓🪙 ,Send a DM for knowledge about Crypto🪙📉",2020-05-12 22:40:52,146,676,377,False,2023-03-01 23:44:47,"If you have frozen funds in these plaforms message me now #sgtkcoin #Fastbitra #monvice #monnore $snms #sol .#icerket #mrbicoin #mateycoin #icexax 
#Fastbitra #snms #erv #snmscoin #snmcoin #ervcoin #bitcoin https://t.co/kp2Z71pCz4","['sgtkcoin', 'Fastbitra', 'monvice', 'monnore', 'sol', 'icerket', 'mrbicoin', 'mateycoin', 'icexax', 'Fastbitra', 'snms', 'erv', 'snmscoin', 'snmcoin', 'ervcoin', 'bitcoin']",Twitter for iPhone,False
Cryptoon 10K,Morocco,"Hi everyone and welcome to our modest page.
we give simple advices about best #altcoins to invest in. #btc #eth #shib #sol #doge",2021-09-21 01:06:09,52,540,4,False,2023-03-01 23:44:41,Be careful about what you're asking for! #Bitcoin #altcoins #crypto https://t.co/lR9T9Zn1Yz,"['Bitcoin', 'altcoins', 'crypto']",Twitter for Android,False
Slunj,NOT FINANCIAL ADVICE,"Investor, #bitcoin optimist, wannabe #psytrance DJ.",2019-05-11 21:48:46,1220,1602,1373,False,2023-03-01 23:44:40,"Asia woke up and commenced max bidding.

Pay attention.

#Bitcoin",['Bitcoin'],Twitter Web App,False
King Mike $Haki $Luffy,,"Crypto Trader, Investor |Gem💎Hunter🏹",2022-09-09 05:06:21,66,199,337,False,2023-03-01 23:44:36,@AltCryptoGems Just bought some #LuffyToken and #HakiToken and feeling good about my investment. Both projects have some seriously talented teams behind them and I can't wait to see what they do next. #crypto #bitcoin #ethereum @luffyinutoken @hakitoken https://t.co/pnQ1B1SIXw,"['LuffyToken', 'HakiToken', 'crypto', 'bitcoin', 'ethereum']",Twitter Web App,False
BNB Price Tracker,,#BNB #BNBTracker #BinanceCoin #Binance,2022-07-11 05:24:30,492,5,0,False,2023-03-01 23:44:33,"#BinanceCoin price update: $BNB

#BNB $302.69 USD

#Bitcoin 0.01281 BTC

#Ethereum 0.18208 ETH

#altcoin #crypto #cryptocurrency

Follow for recent BNB price updates","['BinanceCoin', 'BNB', 'Bitcoin', 'Ethereum', 'altcoin', 'crypto', 'cryptocurrency']",Twitter Web App,False
Ethereum Yoda,,"UP or DOWN...
.
.
.
.
Price matters NOT.",2022-07-24 04:50:18,576,1,0,False,2023-03-01 23:44:33,"#Ethereum price update: 

#ETH $1662.44 USD
#Bitcoin 0.07037092849801642 #BTC

Follow for recent ETH price updates
#altcoin, #cryptocurrency, #crypto","['Ethereum', 'ETH', 'Bitcoin', 'BTC', 'altcoin', 'cryptocurrency', 'crypto']",Twitter Web App,False
Crypto Zone,Evreywhere,It’s all about Crypto | Advertise with us Marketing@Cryptozone.press,2022-02-26 22:35:56,2606,25,38,False,2023-03-01 23:44:15,Chiliz announces $50M incubator and accelerator program for early-stage blockchain projects  #Crypto_Zone #Bitcoin #ETH #NFT #NEWS https://t.co/V5igez62qg,"['Crypto_Zone', 'Bitcoin', 'ETH', 'NFT', 'NEWS']",IFTTT,False
Crypto Zone,Evreywhere,It’s all about Crypto | Advertise with us Marketing@Cryptozone.press,2022-02-26 22:35:56,2606,25,38,False,2023-03-01 23:44:14,Bitcoin would make a new high for the year if the S&amp;P 500 index bounces from the lows.  #Crypto_Zone #Bitcoin #ETH #NFT #NEWS https://t.co/SHHE6etcxO,"['Crypto_Zone', 'Bitcoin', 'ETH', 'NFT', 'NEWS']",IFTTT,False
Bangun Arya,,"airdrop Indonesia
#BTC #BSC #ETH",2020-11-05 14:26:22,185,309,9297,False,2023-03-01 23:44:14,"@AirdropStario Good project and hopefully the future projects will be even better

@Rofeq_cok
@Bintang090806
@ARIFSU12345
@ArLut13
@Bambang140200
@guntur180200
@friston131

#cryptocurrency #Airdrop #BSC #Bitcoin #USDT #Fegrow #FGO #Airdropstario","['cryptocurrency', 'Airdrop', 'BSC', 'Bitcoin', 'USDT', 'Fegrow', 'FGO', 'Airdropstario']",Twitter for Android,False
Only$ONEBitcoin.eth,Metaverse,#Bitcoin #BTC,2021-12-14 21:00:27,129,649,8599,False,2023-03-01 23:44:14,@anyatrades Yup it is going to be big #bull month for #bitcoin and #SPY $QQQ $MARA $RIOT $MSTR $COIN,"['bull', 'bitcoin', 'SPY']",Twitter Web App,False
phoebe hacker,United States,Professional Recovery Services| #Crypto | #Cloud_ID | #Snapchat | #Instagram | #Spying | #Gaming | #NFT | #Account_Recovery| DONT DM FOR FREE 💻📥,2017-02-08 06:56:12,201,105,2060,False,2023-03-01 23:43:57,"Inbox me
I'm available 24/7
 #SnapchatHack #FacebookSpy #TelegramDown #WechatSpy #WhatsApphack #Hackingtools #Discoud #Icloud  #Bitcoin #TrustwallentRecover #TwitterDown #ComputerSoftware #SysterHack #RecoverPassword #Riddit #Icloud #SpyonpartnerSocialmedia #TRC20 #Gmail etc...","['SnapchatHack', 'FacebookSpy', 'TelegramDown', 'WechatSpy', 'WhatsApphack', 'Hackingtools', 'Discoud', 'Icloud', 'Bitcoin', 'TrustwallentRecover', 'TwitterDown', 'ComputerSoftware', 'SysterHack', 'RecoverPassword', 'Riddit', 'Icloud', 'SpyonpartnerSocialmedia', 'TRC20', 'Gmail']",Twitter for Android,False
Bill Taylor,"Bozeman, Montana","Managing Director & CIO at Entoro Investments;  Author ""The Taylor Report""",2014-01-17 18:18:31,495,216,1853,False,2023-03-01 23:43:56,REAL CLEAR CRYPTO: Crypto Basics – What are Smart Contracts? https://t.co/zNDJYgrefa via @DigitWealthNews #decentralized @SarsonFunds #bitcoin #cryptocurrencies,"['decentralized', 'bitcoin', 'cryptocurrencies']",Twitter Web App,False
Top Trading Ideas🔥,,"Here the robot automatically posts the best cryptocurrency trading ideas. 
Get a huge trading Bonus - https://t.co/PVyJChAdkD",2022-09-12 19:14:59,616,1,1,False,2023-03-01 23:43:32,Get Bonus =&gt; https://t.co/jTMNbvcm2l #BITCOIN Stock Chart Fibonacci Analysis 030123: Trading Idea 1) Find a FIBO slingshot 2) Check FIBO 61.80% level 3) Entry Point &gt; 23707/61.80% https://t.co/BZ7pS0oZwE,['BITCOIN'],dlvr.it,False
Ethereum Yoda,,"UP or DOWN...
.
.
.
.
Price matters NOT.",2022-07-24 04:50:18,576,1,0,False,2023-03-01 23:43:32,"#Ethereum price update: 

#ETH $1662.75 USD
#Bitcoin 0.07038906 #BTC

Follow for recent ETH price updates
#altcoin, #cryptocurrency, #crypto","['Ethereum', 'ETH', 'Bitcoin', 'BTC', 'altcoin', 'cryptocurrency', 'crypto']",Twitter Web App,False
Mr_Realistic,School of Hard Knocks,TA focused trader. I focus on long time frames and holding!  Brash & Truthful! NOT A FINANCIAL ADVISOR!!! DO NOT BUY OR SELL BECAUSE OF MY SUGGESTIONS!!!,2021-06-08 14:14:18,4662,141,11464,False,2023-03-01 23:43:30,"Bro 2: That seems like a lot…What makes up it’s value?

Bro: ……

Bro 2: Not sure if you heard me…What makes up it’s value…

Bro: ….

Bro 2: Well?…

Bro: The people Bro…The people…It’s deep…

Bro 2: So it doesn’t have any real value?

Bro: Umm…The people

#Bitcoin",['Bitcoin'],Twitter for iPhone,False
Mr_Realistic,School of Hard Knocks,TA focused trader. I focus on long time frames and holding!  Brash & Truthful! NOT A FINANCIAL ADVISOR!!! DO NOT BUY OR SELL BECAUSE OF MY SUGGESTIONS!!!,2021-06-08 14:14:18,4662,141,11464,False,2023-03-01 23:43:29,"Bro: I have this sweet coin that is the next big thing!
 
Bro 2: Ooooo I must have it. Can I see it?

Bro: I can’t “show” you but trust me…It’s going to change the world!

Bro 2: Okay now I have to have it! What are you ask?!

Bro: $70k…It’s a steal!
 
#Bitcoin",['Bitcoin'],Twitter for iPhone,False
Montana HODL (#Bitcoin 🚀),MARS,"im here live, i'm not a cat...#SatsArmy                             
#bitcoin
https://t.co/W3fEqlv58Y
@cashapp:  $MontanaHODL",2009-06-08 13:48:34,1432,4983,151642,False,2023-03-01 23:42:54,"@bertcarrier @BitcoinMagazine @jack You think #crypto is a scam?... lol, wait until you learn about the US Dollar... #Bitcoin is decentralized freedom money...Not controlled by any government... Everything else IS a scam...So you're kinda right","['crypto', 'Bitcoin']",Twitter for Android,False
빌딩부자,,"#crypto #Bitcoin 
#dooridoori #doorinati
🇰🇷😎",2021-09-07 05:19:58,164,247,5651,False,2023-03-01 23:42:52,"@TheBTCTherapist Bitcoin, if the country buys it, it's over.
@DooridooriCoin 😎

#crypto  #Bitcoin #dooridoori #doorinati 🔥 https://t.co/9uwiONSphY","['crypto', 'Bitcoin', 'dooridoori', 'doorinati']",Twitter for Android,False
Only$ONEBitcoin.eth,Metaverse,#Bitcoin #BTC,2021-12-14 21:00:27,129,649,8599,False,2023-03-01 23:42:47,@ThinkingBitmex He/she will be liquidation within weeks' time. #bitcoin $ETH $MARA,['bitcoin'],Twitter Web App,False
King Mike $Haki $Luffy,,"Crypto Trader, Investor |Gem💎Hunter🏹",2022-09-09 05:06:21,66,199,337,False,2023-03-01 23:42:45,@FoxCryptoBSC Just picked up some #LuffyToken and #HakiToken and feeling confident about my investment. These two tokens are backed by some seriously talented teams and I can't wait to see what they do next! #crypto #bitcoin #ethereum @luffyinutoken @hakitoken https://t.co/nunSVc4XRx,"['LuffyToken', 'HakiToken', 'crypto', 'bitcoin', 'ethereum']",Twitter Web App,False
MonkUniverse,,"#NFT PROMOTER ❤️‍🔥, Early gems 💎 finder. #BAYC and #Zipcy owner 🦍Bullish on #crypto.📣 DM me for #NFTPROMO #nftwhitelist and #nftgiveaway",2014-10-11 03:55:05,1187,39,439,False,2023-03-01 23:42:42,Best Crypto Currency Exchange in India #Altcoin #bitcoin  https://t.co/Y2jOreQ0Oh,"['Altcoin', 'bitcoin']",TwinyBots,False
MrMarsh⚡,,Can't Be More Accurate 🎯︱Official partner at MEXC Global 🤝︱Tweets are in no way financial advice 🏹,2016-06-18 14:44:32,310,95,646,False,2023-03-01 23:42:38,"$MATIC 📉

I think it will be sub $1 soon.

#MATIC #Polygon #BTC #Bitcoin #ETH #Ethereum #Crypto #cryptocurrency #cryptotrading #charts https://t.co/ND7esw2gST","['MATIC', 'Polygon', 'BTC', 'Bitcoin', 'ETH', 'Ethereum', 'Crypto', 'cryptocurrency', 'cryptotrading', 'charts']",Twitter for Android,False
Sergio,coin hunt world,"professional coin hunt world player

-living with autism-",2022-05-16 21:05:33,185,76,13134,False,2023-03-01 23:42:35,"c03x found #bitcoin in a Blue vault at this location! Join me playing #coinhuntworld, It's awesome! https://t.co/a37s2OfkQa #cryptocurrency #3293595 https://t.co/X02Vmc9Rok","['bitcoin', 'coinhuntworld', 'cryptocurrency']",Twitter for Android,False
NastyNukes,Mom’s basement,The last great crypto poet...comedian. Stupid faces…Something like that.,2017-01-08 21:07:16,234,488,180,False,2023-03-01 23:42:33,"Um, so what do I do with these two dozen wallet seed phrases now that I’m only three years into crypto? 

Seriously. 

#Bitcoin #Crypto","['Bitcoin', 'Crypto']",Twitter for iPhone,False
BNB Price Tracker,,#BNB #BNBTracker #BinanceCoin #Binance,2022-07-11 05:24:30,492,5,0,False,2023-03-01 23:42:32,"#BinanceCoin price update: $BNB

#BNB $302.52 USD

#Bitcoin 0.01281 BTC

#Ethereum 0.18216 ETH

#altcoin #crypto #cryptocurrency

Follow for recent BNB price updates","['BinanceCoin', 'BNB', 'Bitcoin', 'Ethereum', 'altcoin', 'crypto', 'cryptocurrency']",Twitter Web App,False
Ethereum Yoda,,"UP or DOWN...
.
.
.
.
Price matters NOT.",2022-07-24 04:50:18,576,1,0,False,2023-03-01 23:42:32,"#Ethereum price update: 

#ETH $1660.76 USD
#Bitcoin 0.0703412020130402 #BTC

Follow for recent ETH price updates
#altcoin, #cryptocurrency, #crypto","['Ethereum', 'ETH', 'Bitcoin', 'BTC', 'altcoin', 'cryptocurrency', 'crypto']",Twitter Web App,False
bitboy_crypto,,"Ben Armstrong personal Twitter . #Bitcoin #Ethereum #Cryptocurrency Content Creator,Coach ,Investor,& Husband.",2020-08-30 13:24:27,115,867,33,False,2023-03-01 23:42:26,Let come together and fight for that we believe in - a future where insolvencies are a thing of the past and decentralized finance is accessible to all. #Bitcoin #crypto https://t.co/xuvfrAvwuN,"['Bitcoin', 'crypto']",Twitter for iPhone,False
BitcoinFloats,,Informative bot about bitcoin fluctuations.,2019-06-05 23:55:21,49,0,36,False,2023-03-01 23:42:14,"BITCOIN WENT UP!

USD $23,612.02 (+0,56%)
Yesterday: +0,52%
Last 30 days: -0,56%

#bitcoin",['bitcoin'],cryptfloats webapp,False
GOATofWallStreet,,Greatest trading opinions of all time 🐐🐐🐐,2021-11-08 06:22:41,56,111,6,False,2023-03-01 23:42:00,"Stocks moving in after-hours: Zoom, Occidental Petroleum, Workday
#stockmarket #stocks #stockstowatch #electricvehiclestocks #marketnews #stockstobuy #stockgrowth #bitcoin #crypto
https://t.co/b9rj7x4TSY","['stockmarket', 'stocks', 'stockstowatch', 'electricvehiclestocks', 'marketnews', 'stockstobuy', 'stockgrowth', 'bitcoin', 'crypto']",Twitter Web App,False
Raishiz Crypto Signals,London,Visit https://t.co/WilzDTqSji to watch live signals. Visit https://t.co/fkKHa6WWnc to purchase.,2021-02-11 12:51:54,152,2,3,False,2023-03-01 23:41:59,Crypto News: Silvergate stock plunges 31% after delayed filing raises doubts over future ; https://t.co/xf96t7aTlA ----- #BTC #Bitcoin #ETH #Cryptocurrency #cryptoupdate #Crash #Bullish #Bearish #Ethereum #Binance #BNB,"['BTC', 'Bitcoin', 'ETH', 'Cryptocurrency', 'cryptoupdate', 'Crash', 'Bullish', 'Bearish', 'Ethereum', 'Binance', 'BNB']",Raishiz News,False
24/7 Bitcoin TV ⚡🧡☣️,a fire in cyberspace,"24/7 Bitcoin-only TV channel, curated by @future_hodl - LIVE right now on Twitch! https://t.co/VWIr0LyL7S

⚡️ bitcointvchannel@getalby.com",2022-11-27 15:35:57,157,886,33791,False,2023-03-01 23:41:44,"Cypherpunks write code
#Bitcoin",['Bitcoin'],BitcoinTVNowPlaying,False
the_bitcoin_solar_api,"San Francisco, CA",building the #Bitcoin API for fastest #solar payback | CEO at https://t.co/6RbZ3NjoXm & https://t.co/Qy4S2eDrdn,2012-11-07 07:42:02,782,571,796,False,2023-03-01 23:41:41,"The news here is that we should neither be scared of #solar curtailments or the energy use of #Bitcoin 

The pairing/co-location of them is symbiotic in that revenues from #Bitcoin mining of stranded energy will reduce payback for #solar projects.","['solar', 'Bitcoin', 'Bitcoin', 'solar']",Twitter for iPhone,False
Bitcoin updates,,"I tweet about the $BTC price every 15 minutes.
Data is retrieved from @binance.

#Bitcoin #BTC

More bots 🤖:
#ETH: @Ethereum8News
#BNB: @BNB8News",2021-01-09 15:26:06,6906,6,21,False,2023-03-01 23:41:37,"The $BTC price is at $23,606.62 right now.
🟢 Compared to the last tweet, the price has increased by $71.32 (0.30%).
🟢 In the last 24 hours the price has increased by $457.29 (1.98%).

#Bitcoin #BTC https://t.co/RSRN8uqnE1","['Bitcoin', 'BTC']",Pamboo Crypto,False
Ethereum Yoda,,"UP or DOWN...
.
.
.
.
Price matters NOT.",2022-07-24 04:50:18,576,1,0,False,2023-03-01 23:41:31,"#Ethereum price update: 

#ETH $1662.49 USD
#Bitcoin 0.07041446 #BTC

Follow for recent ETH price updates
#altcoin, #cryptocurrency, #crypto","['Ethereum', 'ETH', 'Bitcoin', 'BTC', 'altcoin', 'cryptocurrency', 'crypto']",Twitter Web App,False
RETURN,,Where tech aligns,2021-05-04 21:05:49,3014,60,99,False,2023-03-01 23:41:27,"Make sure to check out the 2nd episode of our podcast, featuring @jonst0kes and @nic__carter. They explore the history of crypto regulations, why Operation Chokepoint 2.0 is different, and solutions to help push back regulatory overreach. #Crypto #Bitcoin https://t.co/xPdFrG8yH0","['Crypto', 'Bitcoin']",Twitter Web App,False
Man.zth,Jakarta Capital Region,Never gonna give you up !,2021-03-17 23:25:34,156,1019,667,False,2023-03-01 23:41:21,"@airdropinspect Great project, great team. love to participate in this seems very strong and profitable project !!

#Airdrop #Airdrops #Airdropinspector #ZebecLabs #NautilusChain #USDT    #Crypto #Bitcoin","['Airdrop', 'Airdrops', 'Airdropinspector', 'ZebecLabs', 'NautilusChain', 'USDT', 'Crypto', 'Bitcoin']",Twitter for Android,False
Trackify | #1 BTC Price Action Bot,Monitoring BTCUSDT...,📈| #1 BTC Price Action Bot 🕒| Notifies every 5 minutes,2023-01-18 02:40:53,119,1,206,False,2023-03-01 23:41:20,"Bitcoin has decreased -0.11% in the past 5 minutes!
Started at $23625.44
Ended at $23598.72

#BTC #crypto #bitcoin #cryptocurrency #ethereum #blockchain #eth #currency #xrp #trading #price #exchange #twitter #ltc #binance #finance","['BTC', 'crypto', 'bitcoin', 'cryptocurrency', 'ethereum', 'blockchain', 'eth', 'currency', 'xrp', 'trading', 'price', 'exchange', 'twitter', 'ltc', 'binance', 'finance']",bitcoinpricetracker,False
Masya Allah Congrats🌹,,My account suspend @trimenang @imready2win @AeRicityywin @juli_bigwins777 @ningsihm163 @0xmanife1stwin plz don't reroll..Bismillah berkah win #REDUX - $REDUX,2022-08-10 02:41:44,74,3736,6124,False,2023-03-01 23:41:18,"@SirKunt @PtpWallet I think this project will continue to increase in achievement, because #Bitcoin has potential",['Bitcoin'],Twitter for Android,False
Bitcoin Price Ticker,,Tweets the current price of #bitcoin every 5 minutes,2022-10-20 07:10:38,122,9,9,False,2023-03-01 23:41:14,"1₿ = $23650 2.34%📈

Details:
Change: 📈541.67$
24H Low = $23079🔻
24H High = $23884💹

#bitcoin #btc","['bitcoin', 'btc']",BitcoinLivePriceTicker,False
King Mike $Haki $Luffy,,"Crypto Trader, Investor |Gem💎Hunter🏹",2022-09-09 05:06:21,66,199,337,False,2023-03-01 23:41:06,@yourcryptodj I've been following the development of #LuffyToken and #HakiToken for a while now and I'm excited to see where they're headed. Both projects have some serious potential! #crypto #bitcoin #ethereum @luffyinutoken @hakitoken https://t.co/65nOZjzeUQ,"['LuffyToken', 'HakiToken', 'crypto', 'bitcoin', 'ethereum']",Twitter Web App,False
⚡ Mr. Crypto Giants🐋,"Dubai, United Arab Emirates","💥Follow if you want to be in crypto knowledge heaven!!!🔥🤑💸💵

https://t.co/peAB3PEIhx",2020-05-02 14:19:44,763,0,2,False,2023-03-01 23:40:56,"🚨 #Binance Tests AI-Infused #NFT Platform Bicasso in Limited 10K Mint Run
#Bitcoin https://t.co/RZhfKA6LDV","['Binance', 'NFT', 'Bitcoin']",CryptoGiants_,False
Charles _hacks,,Professional Recovery Services #Crypto #Cloud_ID #Snapchat #Instagram #Spying #Games #NFT #Account_Recovery DONT DM FOR FREE💻,2022-09-16 09:43:28,480,36,9,False,2023-03-01 23:40:51,"I have 24/7 access to all hacking services
#Hack #coinbase #Hacking #bitcoin #BEP2 https://t.co/Ie9f2xyifu","['Hack', 'coinbase', 'Hacking', 'bitcoin', 'BEP2']",Twitter for Android,False
Amin(Biconomy BD Manager),Canada,🇨🇦 #Biconomy - Canadia #DigitalAssets Exchange 🌎 Native #BITToken 💸  Buy and Trade #crypto #BTC #ETH #USD 🏆Join:https://t.co/QnnPA1HOML,2023-02-28 15:43:53,22,73,92,False,2023-03-01 23:40:44,"@BiconomyCom @numerai @AdoraFinance @AptosLabs @TheTNetwork Congratulations To The Gainers Teams 🥳 

$NMR @numerai
$ARA @AdoraFinance
$APT @AptosLabs
$SBT #SolBit
$T @TheTNetwork

#Crypto #Trading #Bitcoin    #BTC    #ETH #BIT #Cryptocurrencies #altcoins #cryptomarket #cryptos","['SolBit', 'Crypto', 'Trading', 'Bitcoin', 'BTC', 'ETH', 'BIT', 'Cryptocurrencies', 'altcoins', 'cryptomarket', 'cryptos']",Twitter for Android,False
₿itcoin IS the Revolution 🇺🇲 ⚡ 🇸🇻,Montana,"#stackchain block 2361 2497 2760
#bitcoin $mstr $btc #cyberhornet #pleb #₿itcoinDaddy #heatpunk

npub1tmlkcys9e8d4s2rrj794kt5un2nn54lxc804ym7ac2ue",2009-09-09 04:35:00,2472,4057,81777,False,2023-03-01 23:40:40,"@CryptoLegend51 you can't ""invest"" in #bitcoin, you can only invest into securities.

you can buy and sell commodities. you can't invest into them. 

When you say ""invest"" it is implied that you are seeking a profit. 

There's only one revolution, bitcoin, not 20,000 of them.",['bitcoin'],Twitter Web App,False
Karen F,,,2022-10-31 12:29:59,11,19,176,False,2023-03-01 23:40:39,"ReInspector found #bitcoin in a Blue vault at this location! Join me playing #coinhuntworld, It's awesome! https://t.co/ze3CsSRXbc #cryptocurrency #2491734 https://t.co/Ccv7nGz7pc","['bitcoin', 'coinhuntworld', 'cryptocurrency']",Twitter for Android,False
JumpLine,,"// NOT FINANCIAL ADVICE //

Created by @0xAphelion",2022-10-02 12:53:56,1809,1,0,False,2023-03-01 23:40:37,"BTCUSDT [5m]: 20/50 EMA Cross Up

$BTC #BTC #Bitcoin https://t.co/q6D9Nhfy9q","['BTC', 'Bitcoin']",JumpLineAlerts,False
JumpLine,,"// NOT FINANCIAL ADVICE //

Created by @0xAphelion",2022-10-02 12:53:56,1809,1,0,False,2023-03-01 23:40:37,"BTCUSDT [5m]: RSI Overbought

$BTC #BTC #Bitcoin https://t.co/fWGG0KsSc6","['BTC', 'Bitcoin']",JumpLineAlerts,False
BNB Price Tracker,,#BNB #BNBTracker #BinanceCoin #Binance,2022-07-11 05:24:30,492,5,0,False,2023-03-01 23:40:31,"#BinanceCoin price update: $BNB

#BNB $302.52 USD

#Bitcoin 0.01281 BTC

#Ethereum 0.18214 ETH

#altcoin #crypto #cryptocurrency

Follow for recent BNB price updates","['BinanceCoin', 'BNB', 'Bitcoin', 'Ethereum', 'altcoin', 'crypto', 'cryptocurrency']",Twitter Web App,False
Ethereum Yoda,,"UP or DOWN...
.
.
.
.
Price matters NOT.",2022-07-24 04:50:18,576,1,0,False,2023-03-01 23:40:31,"#Ethereum price update: 

#ETH $1660.93 USD
#Bitcoin 0.07034157972416978 #BTC

Follow for recent ETH price updates
#altcoin, #cryptocurrency, #crypto","['Ethereum', 'ETH', 'Bitcoin', 'BTC', 'altcoin', 'cryptocurrency', 'crypto']",Twitter Web App,False
Jeff Dally,"Hoboken, NJ",💰Sales 📈 Trader 🎓SCF 🎓UCA ⚾️ College|Pro Baseball Founder|CEO of @DPROformance,2018-08-27 20:22:09,404,368,9002,False,2023-03-01 23:40:30,"@vanessasierra00 I’m not even early to the game #Bitcoin 

Smart money doesn’t save their money https://t.co/ULztKkodSs",['Bitcoin'],Twitter for iPhone,False
Traders Retreat,The Retreat,Price is King👑S&D is the Language of the Charts✨Options/Futures/Bonds/Fx/Crypto/ $ES $NQ $YM ✨Discord YT TikTok IG👇🏼Links Below👇🏼,2021-06-06 15:32:03,2462,951,10027,False,2023-03-01 23:40:12,"$US10Y #bonds 10 Year bounce right where the charts said it should

I mentioned this on @Ibelievethefed Space the other day.  Now we see where it closes the week...

$SPX $ES_F $SPY $NQ_F $QQQ $IWM $DIA $VIX $DXY #stocks #bonds  #markets $BTCUSD $ETHUSD #Bitcoin #Ethereum #Crypto https://t.co/LdI97CIwyZ https://t.co/Tp2RbyepIP","['bonds', 'stocks', 'bonds', 'markets', 'Bitcoin', 'Ethereum', 'Crypto']",Twitter Web App,False
Bitcoin Proof-of-Life,,Take a photo with my latest tweet to prove you were alive at the current block height.,2022-07-07 20:44:15,24,1,0,False,2023-03-01 23:40:06,Approximately every 10 minutes a new block is generated and added to the #Bitcoin timechain. The latest is at block height 778890.,['Bitcoin'],QR code generation,False
tictoknextblock,,Real-time bitcoin  insights,2021-07-01 03:29:10,284,17,2,False,2023-03-01 23:40:04,"🟩 Block 778890 ⛏ ⛏

📅 1st Mar 2023, 23:39:12 GMT

📣 395 tx with a value of 35.843 ₿ ($846.53k 🇺🇸)

📣 distributed to 756 recipients 💎🙌

📣 19,305,568.75 ₿ (91.93128%) mined ⛏

📣 1,694,431.25 ₿ remaining 💰

#bitcoin #tictoknextblock","['bitcoin', 'tictoknextblock']",tictoknextblock,False
Whales Radar,İstanbul,"https://t.co/oZVtGZzi5n

Crypto Whale Radar and Scanner

#Crypto #Bitcoin #Cryptocurrency #RastGele

Whales Radar is brand of @FxCanli",2010-01-03 15:43:57,2779,1,2,False,2023-03-01 23:40:01,"#XNOUSDT #XNO 
Signal #4  

Last Signal: 3064 mins ago 
Before: 0.93800000 
After: 0.90900000 🔴(-3.09%) 
Volume Chng: 23,982 USDT (6.49%) 

Daily  
Price Chng: (2.25%)🟢 
Volume: 393,534 USDT 

🚀PRO ➡️ https://t.co/1EgdzYf2ot 🐳

#Crypto #Bitcoin #BTC #ETH","['XNOUSDT', 'XNO', 'Crypto', 'Bitcoin', 'BTC', 'ETH']",MT4 to Twitter,False
stayOn🎯 1225 1665 1923 1964 1971 2009 2222🇩🇪,,"You’re responsible for being honest, you are not responsible for how that makes me feel.",2021-06-16 00:10:05,2741,855,44946,False,2023-03-01 23:39:50,@Ratpoisonaut @sathoarder @RubenStacksCorn @BTC_Freeborn @BrokenSystem20 @HodlersJourney @phathodl @hodlzuul @taodejing2 @happyclowntime @s256anon001 @DocHodllday @rwawoe @BITCOINHRDCHRGR @_StoicBTC_ @laurenoflight_ @BibsRatcatcher @WhereBTC @seth6102 @Masshodlghost @Capital15C @_Ben_in_Chicago @AnonMysteryMan @LoKoBTC @JohnOdetteMD @WaldoVision3 @BitcoinOdyssey @scrappystacks @ubeenfranked @salaciousBtc @brokensystem71 @DavidWearden @JacktheOrigin @bitcoinwarden @HodlOrion @DylanLeClair_ @CriticaIPath @jrob730 @MapABitcoin @VStackSats @Freddiesha256 @jc4466 @StakchainBuddha @Filoumannn Block 2841 Valid AF LFG #Bitcoin #BullishAF https://t.co/LvW2u0TeKY,"['Bitcoin', 'BullishAF']",Twitter for Mac,False
Q,United Kingdom,"Saitama/SaitaRealty Holder.
MaziMatic NFT Holder, Referral Code: maziarmyLeSRBRb9uj",2013-11-15 02:58:06,3378,4710,59714,False,2023-03-01 23:39:46,"#Saitama #SaitamaWolfPack #SaitaPro
#Crypto #CryptoCurrency #SaitaWolves #ETH #Bitcoin #PaperVillage
#SaitamaToken
#BESUMMIT #SaitaRealty #SAITAMACOMMUNITY #SaitamaLLC #MetaVerse #WeAreSaitama

#UseSaitaPro #NFT #NFTs #NFTCommunity #SaitaCard

💜🐺💜WOLF🐺PACK💜🐺💜 https://t.co/hCHJrHkBcL","['Saitama', 'SaitamaWolfPack', 'SaitaPro', 'Crypto', 'CryptoCurrency', 'SaitaWolves', 'ETH', 'Bitcoin', 'PaperVillage', 'SaitamaToken', 'BESUMMIT', 'SaitaRealty', 'SAITAMACOMMUNITY', 'SaitamaLLC', 'MetaVerse', 'WeAreSaitama', 'UseSaitaPro', 'NFT', 'NFTs', 'NFTCommunity', 'SaitaCard']",Twitter for Android,False
Rustin 丰 📰 🎙 ☕️ ⚡️,The Fourth Turning,#Bitcoin Only News & Content / AustrianEcon / Liberty / Head of News @SimplyBitcoinTV / Research Café Bitcoin /🤘Metal🤘 / 🏈,2020-12-05 23:10:59,3273,2458,56544,False,2023-03-01 23:39:44,"You’re not buying stock, you’re upgrading your money and can do so instantaneously #Bitcoin",['Bitcoin'],Twitter for iPhone,False
BFV ⚡️ ⛏,Free Market @ Internet Economy,#Bitcoin is commoditized energy in the form of money Price discovery starts with Fair Value which starts with Cost of Production which starts with Proof of Work,2018-07-28 04:54:15,478,297,7132,False,2023-03-01 23:39:42,"@hashrateindex Overnight #Bitcoin went from being over 20 blocks behind to only less than 10 blocks behind

At this growth pace miners are in for another positive adjustment 😑

How long before the 2016 block moving average is over 400 EH/s??

Hashrate is 🚀🚀🚀",['Bitcoin'],Twitter for Android,False
Ethereum Yoda,,"UP or DOWN...
.
.
.
.
Price matters NOT.",2022-07-24 04:50:18,576,1,0,False,2023-03-01 23:39:30,"#Ethereum price update: 

#ETH $1662.69 USD
#Bitcoin 0.07042358 #BTC

Follow for recent ETH price updates
#altcoin, #cryptocurrency, #crypto","['Ethereum', 'ETH', 'Bitcoin', 'BTC', 'altcoin', 'cryptocurrency', 'crypto']",Twitter Web App,False
Stypto Algo,Ontario,"Stypto Algo is a leading global alternative investment management platform, specializing in digital assets.",2022-05-26 02:01:03,59,0,4,False,2023-03-01 23:39:12,"⚡️ Upcoming Whale Liquidation Prices:
〰️ 🟥 Short 100x: $23,600
〰️ 🟥 Short 50x: $23,844

🌪 Latest Whale Position Liquidation Prices:
〰️ 🟥 Short 100x: $23,600
〰️ 🟥 Short 25x: $24,349

#bitcoin $BTC #crypto #stypto","['bitcoin', 'crypto', 'stypto']",StyptoPredictedLiquidations,False
"NYF {👻,👻}",oki tokki,Shueshi,2022-12-21 12:08:08,0,1,0,False,2023-03-01 23:39:07,The pain trade is to go up!#bitcoin #crypto #LTC #ETH,"['bitcoin', 'crypto', 'LTC', 'ETH']",Twitter Web App,False
Q,United Kingdom,"Saitama/SaitaRealty Holder.
MaziMatic NFT Holder, Referral Code: maziarmyLeSRBRb9uj",2013-11-15 02:58:06,3378,4710,59714,False,2023-03-01 23:39:05,"#Saitama #SaitamaWolfPack #SaitaPro
#Crypto #CryptoCurrency #SaitaWolves #ETH #Bitcoin #PaperVillage
#SaitamaToken
#BESUMMIT #SaitaRealty #SAITAMACOMMUNITY #SaitamaLLC #MetaVerse #WeAreSaitama

#UseSaitaPro #NFT #NFTs #NFTCommunity #SaitaCard

💜🐺💜WOLF🐺PACK💜🐺💜 https://t.co/aafYKJ7r2c","['Saitama', 'SaitamaWolfPack', 'SaitaPro', 'Crypto', 'CryptoCurrency', 'SaitaWolves', 'ETH', 'Bitcoin', 'PaperVillage', 'SaitamaToken', 'BESUMMIT', 'SaitaRealty', 'SAITAMACOMMUNITY', 'SaitamaLLC', 'MetaVerse', 'WeAreSaitama', 'UseSaitaPro', 'NFT', 'NFTs', 'NFTCommunity', 'SaitaCard']",Twitter for Android,False
Sergio,coin hunt world,"professional coin hunt world player

-living with autism-",2022-05-16 21:05:33,185,76,13134,False,2023-03-01 23:39:03,"c03x found #bitcoin in a User vault at this location! Join me playing #coinhuntworld, It's awesome! https://t.co/a37s2OfkQa #cryptocurrency #22224 https://t.co/3jgpTjU4Xs","['bitcoin', 'coinhuntworld', 'cryptocurrency']",Twitter for Android,False
Scoresby,Baffin Bay,Assistant Janitor at the Bitcoin Marketing Department,2021-10-12 22:14:42,1112,591,1229,False,2023-03-01 23:39:00,"Hold your own #Bitcoin keys, even if you find yourself marooned on a space rock wearing far too few clothes. https://t.co/yG9wrqxjPh",['Bitcoin'],Twitter Web App,False
Live Price Crypto,,"I Tweet the latest #BTC/#ETH/#BNB/#MATIC & #StableCoins price
+Daily/Weekly Technical Indicators 

Live since 20/03/2022

@web3africa1",2022-03-10 14:06:46,4463,9,24,False,2023-03-01 23:38:56,"Weekly 🚀

#BTC Last $23607

•Change since Monday 00h00(UTC): +0.22% 🟢
•MACD:
 -MACD Line: 97
 -Signal Line: -985

#ETH Last $1660

•Change: +1.15% 🟢
•MACD:
 -MACD Line: 2
 -Signal Line: -65

#Blockchain #Token #Bitcoin #Ethereum
(8/16)
461031","['BTC', 'ETH', 'Blockchain', 'Token', 'Bitcoin', 'Ethereum']",vaiotapi,False
Ensaladilla 🇪🇸,España,"Hijo de Heinz y Ligeresa. No soy rusa, soy española.

Cuenta de actualidad, política, humor, criptomonedas y mis mierdas. Sígueme en mi canal de Youtube.",2020-01-09 18:27:43,127,150,131,False,2023-03-01 23:38:50,"If you have thought of buying a Cold Wallet Ledger, you can use my referral code which will give you $10 FREE in Bitcoin. If you have any questions ask me. Greetings!

https://t.co/tQ0F42bbfm

#Ledger #Bitcoin #BTC #Ethereum #ETH #altcoins #Binance #Coinbase #cripto #Solana","['Ledger', 'Bitcoin', 'BTC', 'Ethereum', 'ETH', 'altcoins', 'Binance', 'Coinbase', 'cripto', 'Solana']",Twitter Web App,False
bitboy_crypto,,"Ben Armstrong personal Twitter . #Bitcoin #Ethereum #Cryptocurrency Content Creator,Coach ,Investor,& Husband.",2020-08-30 13:24:27,115,867,33,False,2023-03-01 23:38:50,"There’s a day coming when Gary Gensler will be held accountable for the decisions  he’s been making, and we can only hope no rock is left unturned 
#Bitcoin #Crypto https://t.co/uisdMDLMyt","['Bitcoin', 'Crypto']",Twitter for iPhone,False
Lola Coin,,"We created https://t.co/rMfEuZQYzG portal with you in mind, and we hope you find it helpful. This cryptocurrency-related web portal is a work of art. Enjoy!",2022-04-19 21:35:51,49,49,7,False,2023-03-01 23:38:45,"Visa and Mastercard suspend launch of crypto products: here’s what’s going on

 It seems that Visa and Mastercard have temporarily  stopped the launch of their  cryptocurrency ... https://t.co/vtmGi6ZHTs #Bitcoin #Blockchain #Cardano #Crypto #Cryptocurrency https://t.co/3shYZBBQER","['Bitcoin', 'Blockchain', 'Cardano', 'Crypto', 'Cryptocurrency']",WPAutopostapp,False
Hackwith_Garry 🖥🛰📡,"London, Ontario",GOD🥇Pro-Hacking Services. *Private Investigator* *Recovery Services* *Instagram* *Crypto* *Facebook* *icloud* *Snapchat* #NoFreeHacks,2022-05-11 02:23:00,2268,47,194,False,2023-03-01 23:38:32,Catch a cheating partner message us for the fastest means to know what your partner is hiding from you! #bitcoin         #hacked #hackedaccount #cheatingspouse #cheatingwife #cheatinghusband #cheaters #cheatersexposed #cheaterexposed #cheating #cheatinggirlfriend https://t.co/4kB5HYvAFG,"['bitcoin', 'hacked', 'hackedaccount', 'cheatingspouse', 'cheatingwife', 'cheatinghusband', 'cheaters', 'cheatersexposed', 'cheaterexposed', 'cheating', 'cheatinggirlfriend']",Twitter for iPhone,False
BNB Price Tracker,,#BNB #BNBTracker #BinanceCoin #Binance,2022-07-11 05:24:30,492,5,0,False,2023-03-01 23:38:30,"#BinanceCoin price update: $BNB

#BNB $302.41 USD

#Bitcoin 0.0128 BTC

#Ethereum 0.18205 ETH

#altcoin #crypto #cryptocurrency

Follow for recent BNB price updates","['BinanceCoin', 'BNB', 'Bitcoin', 'Ethereum', 'altcoin', 'crypto', 'cryptocurrency']",Twitter Web App,False
Ethereum Yoda,,"UP or DOWN...
.
.
.
.
Price matters NOT.",2022-07-24 04:50:18,576,1,0,False,2023-03-01 23:38:29,"#Ethereum price update: 

#ETH $1661.13 USD
#Bitcoin 0.07031678598278326 #BTC

Follow for recent ETH price updates
#altcoin, #cryptocurrency, #crypto","['Ethereum', 'ETH', 'Bitcoin', 'BTC', 'altcoin', 'cryptocurrency', 'crypto']",Twitter Web App,False
Navid Nassiri,Metaverse,I'm just trying to do my part in making the world a better place. #DeFi #web3 #blockchain #crypto #cryptocurrency #btc #eth #bahai,2009-06-17 15:05:02,3917,554,325,False,2023-03-01 23:38:27,Nigeria Picks Bola Tinubu as President Amid Cash Shortages  https://t.co/1i51swV5M4 #crypto #cryptocurrency #blockchain #bitcoin #ethereum #antifud #fightfomo https://t.co/ehdP99btEu,"['crypto', 'cryptocurrency', 'blockchain', 'bitcoin', 'ethereum', 'antifud', 'fightfomo']",Zapier.com,False
Navid Nassiri,Metaverse,I'm just trying to do my part in making the world a better place. #DeFi #web3 #blockchain #crypto #cryptocurrency #btc #eth #bahai,2009-06-17 15:05:02,3917,554,325,False,2023-03-01 23:38:26,Voyager's Reward Program Lost $58M in 2022: Court Filing  https://t.co/k9Y4HX8Qgk #crypto #cryptocurrency #blockchain #bitcoin #ethereum #antifud #fightfomo https://t.co/9UsGL5vkgb,"['crypto', 'cryptocurrency', 'blockchain', 'bitcoin', 'ethereum', 'antifud', 'fightfomo']",Zapier.com,False
𝐍𝐄𝐏𝐑𝐀 🔱,CONSISTENCY CHALLENGE,"Trader | 🔱

Nothing here is advice |
If you cannot say GM, don't follow |

CIMA (6th world rank) | MA Economics | IronMan | Ex Senior FD",2010-03-25 18:55:13,5475,230,52609,False,2023-03-01 23:38:25,#Bitcoin will solve this. https://t.co/7vmbr2dng1,['Bitcoin'],Twitter for Android,False
Rati Novi,Palembang,I dont know with your feel.. I just know that ILOVEU,2015-03-22 15:30:35,122,32,25,False,2023-03-01 23:38:21,"Get ready for an awesome #Web3 experience with #Bitcoin and other cryptos in 2023! We all need to come together as the crypto community &amp; make this journey into  The Future fun, beneficial, and easy. @xDayKami","['Web3', 'Bitcoin']",Twitter Web App,False
Thomas Altona ⚡️🟠,Citadel ,Family Freedom Land Bitcoin God #npub1t27d7nv7ym4z8wp8a3vqcdnxcyls2m6574xpn9rju3as6crz8saqazs5ee https://t.co/eELHi2e9rc,2021-11-08 23:40:53,359,1619,7886,False,2023-03-01 23:38:09,"I’m leaving twitter for good for nostr. 

Decentralised social media with #bitcoin lightning integrated is bullish af. 

So much potential 

npub1t27d7nv7ym4z8wp8a3vqcdnxcyls2m6574xpn9rju3as6crz8saqazs5ee

See you there 🤝🫡",['bitcoin'],Twitter for iPhone,False
Live News Update,los angeles,"Its All about sports news update. #news #breakingnews #livestream
Breaking news,latest news,bbc news, world news, top news, hot news,celebrity news , livestream",2022-12-07 14:03:23,5811,6709,104,False,2023-03-01 23:38:03,"Cardano founder Charles Hoskinson reacts to open letter #crypto #bitcoin
https://t.co/LOW8kBDqYv","['crypto', 'bitcoin']",Twitter Web App,False
CryptoNewswire 🌐,,Follow the latest cryptocurrency news and events. #bitcoin #altcoins #crypto #blockchain #fintech,2016-09-02 00:16:30,9752,175,0,False,2023-03-01 23:38:00,Silvergate shares tumble 30% after crypto-friendly lender delays filing annual report - https://t.co/clWQOJsgxP #bitcoin #crypto,"['bitcoin', 'crypto']",CryptoNewswire,False
cryptoguse,,#crypto enthusiast,2021-12-27 02:03:16,54,232,1798,False,2023-03-01 23:37:58,Longing BTC #BITCOIN https://t.co/RAhq9l8QVP,['BITCOIN'],Twitter for iPhone,False
Live Price Crypto,,"I Tweet the latest #BTC/#ETH/#BNB/#MATIC & #StableCoins price
+Daily/Weekly Technical Indicators 

Live since 20/03/2022

@web3africa1",2022-03-10 14:06:46,4463,9,24,False,2023-03-01 23:37:55,"Weekly 🚀

#BTC Last $23616

-RSI: 56
-Moving Average(20): 19757
-MA(50): 24092
-MA(200): 25181
-Bollinger B. lower/upper: 13838/25676

#ETH Last $1661 #ETH

-RSI: 54
-MA(20): 1423
-MA(50): 1695
-MA(200): 1430
-BB: 1032/1815

#Live #Bitcoin #Ethereum
(7/16)
461030","['BTC', 'ETH', 'ETH', 'Live', 'Bitcoin', 'Ethereum']",vaiotapi,False
Chuks Of Crypto🔶📈,Nigeria,Founder @coingovNG | CryptoBlogger | FA & TA Analyst 📈 | Defi Trader | Spot Trader #BTC #crypto I am open for marketing.,2013-03-06 20:37:16,1257,273,25929,False,2023-03-01 23:37:52,Are you ready for #Bitcoin breakout!,['Bitcoin'],Twitter for Android,False
Danilo Perèz,,"Web developer,🧑‍💻crypto engineer,Cyber security,successfully built my own school through crypto📊📈",2013-04-22 12:54:55,501,29,10,False,2023-03-01 23:37:47,Send a direct message now for help with withdrawal on #Kicurency #robecoins #tidexcoin #lmy #snbiex #snbiexcoin #高榕资本 #fintech #Bsc. #snbiexcoin #Bitcoin           #秋元真夏卒業コンサート  #น้องต่อ #Robinhood https://t.co/EhWjd1YqEB,"['Kicurency', 'robecoins', 'tidexcoin', 'lmy', 'snbiex', 'snbiexcoin', '高榕资本', 'fintech', 'Bsc', 'snbiexcoin', 'Bitcoin', '秋元真夏卒業コンサート', 'น้องต่อ', 'Robinhood']",Twitter for iPhone,False
Wee Blue Ghost,,I'm a wee blue ghost haunting Twitter with Bitcoin price and Naks equivalents and Hex too!,2020-10-17 08:24:46,434,81,81,False,2023-03-01 23:37:45,"- 
BTC price: $23,622 / £19,738 

42.33 Naks per USD
50.66 Naks per GBP

A #Nak is a millionth of a #Bitcoin. 
A #Sat is one hundred millionth.  
If a Sat is a cent, a Nak is a dollar! 
#Bitcoinprice 

01/03/2023  23:37:43 GMT https://t.co/TifT9WUTMK","['Nak', 'Bitcoin', 'Sat', 'Bitcoinprice']",weeblueghost,False
Gordon@1770 ⚡️🇦🇺⚡️📚,1770 Queensland Australia,Building Regional Communities Australia Lead at @StacksAustralia @digitalplayhs @theschoolofbtc ADV Dip @BlockchainColl2 @clarity_lang crypto1770.btc #Bitcoin,2009-04-24 10:54:42,1327,4502,8138,False,2023-03-01 23:37:39,"Join the Ordinals Show - the change in #Bitcoin culture is accelerating  

https://t.co/61QhPISyiw",['Bitcoin'],Twitter for iPhone,False
Bitcoin Price,,Keep up with the latest #Bitcoin prices from #Binance,2023-01-16 23:25:07,13,2,0,False,2023-03-01 23:37:29,#Bitcoin is currently trading at $23614.26,['Bitcoin'],btc__bot,False
Ethereum Yoda,,"UP or DOWN...
.
.
.
.
Price matters NOT.",2022-07-24 04:50:18,576,1,0,False,2023-03-01 23:37:29,"#Ethereum price update: 

#ETH $1660.95 USD
#Bitcoin 0.07039727 #BTC

Follow for recent ETH price updates
#altcoin, #cryptocurrency, #crypto","['Ethereum', 'ETH', 'Bitcoin', 'BTC', 'altcoin', 'cryptocurrency', 'crypto']",Twitter Web App,False
DKEYS HACK,United states,"I am a Professional Hacker, a Private Investigator, I offer hacking and recovery services for all Social Media platforms, Crypto and Mails. #NoFreeServices!!!",2022-01-30 10:15:28,370,51,95,False,2023-03-01 23:37:28,"Looking for a professional hacker? 
Y’all Message me for any account recovery or hacking #CYBER #security #Coinbase #Bitcoin     #BNB     
DM NOW","['CYBER', 'security', 'Coinbase', 'Bitcoin', 'BNB']",Twitter for iPhone,False
Crypto World NFT Adamverse,,"Scopri come diventare un trader NFT, partendo da zero e senza esperienza. #NFT #CRYPTO",2021-08-28 17:40:00,115,161,104,False,2023-03-01 23:37:28,if your girlfriend is a bit bipolar you can tell her “Honey you are like the #Bitcoin candle in February” 😂📈 https://t.co/okqgPIofCK,['Bitcoin'],Twitter for iPhone,False
Vivek Agarwal,Decentralized,#bitcoin,2010-05-03 15:05:37,576,1257,4920,False,2023-03-01 23:37:19,Australian central bank to launch 'live pilot' of CBDC in coming months #Crypto #Bitcoin #Ethereum,"['Crypto', 'Bitcoin', 'Ethereum']",IFTTT,False
CryptoClick,"New York, NY",Curated Crypto News - One click away!,2009-07-16 23:29:06,11699,6611,2,False,2023-03-01 23:37:19,🔥 Could MATIC Repeat History and Hit $100?❓ Check the post https://t.co/vtRmtswzg2 #bitcoin @tradingview #crypto $btc #btc,"['bitcoin', 'crypto', 'btc']",Make (formerly Integromat),False
Vivek Agarwal,Decentralized,#bitcoin,2010-05-03 15:05:37,576,1257,4920,False,2023-03-01 23:37:18,Silvergate stock plunges 31% after delayed filing raises doubts over future #Crypto #Bitcoin #Ethereum,"['Crypto', 'Bitcoin', 'Ethereum']",IFTTT,False
Bryan 🍌 TEACHER 🔮 82Y4N.SWOOSH,,κύριος Ἰησοῦς Χριστὸς | Gm ☕️ | utility maximalist | @onchainmonkey | @coffeejunkienft | 82Y4N.SWOOSH,2021-09-20 09:32:41,1055,912,3703,False,2023-03-01 23:36:55,Come learn about #Bitcoin #NFTs from the experts👇 https://t.co/JHJtbd8kQq,"['Bitcoin', 'NFTs']",Twitter for iPhone,False
NonStop Money TV,"Melbourne, FL",Entrepreneur | Investor | #Bitcoin,2017-09-17 17:22:59,133,244,28296,False,2023-03-01 23:36:50,@elonmusk This plan better include #Bitcoin @elonmusk,['Bitcoin'],Twitter for iPhone,False
BNB Price Tracker,,#BNB #BNBTracker #BinanceCoin #Binance,2022-07-11 05:24:30,492,5,0,False,2023-03-01 23:36:29,"#BinanceCoin price update: $BNB

#BNB $302.41 USD

#Bitcoin 0.0128 BTC

#Ethereum 0.18207 ETH

#altcoin #crypto #cryptocurrency

Follow for recent BNB price updates","['BinanceCoin', 'BNB', 'Bitcoin', 'Ethereum', 'altcoin', 'crypto', 'cryptocurrency']",Twitter Web App,False
Ethereum Yoda,,"UP or DOWN...
.
.
.
.
Price matters NOT.",2022-07-24 04:50:18,576,1,0,False,2023-03-01 23:36:28,"#Ethereum price update: 

#ETH $1660.94 USD
#Bitcoin 0.07029740558920537 #BTC

Follow for recent ETH price updates
#altcoin, #cryptocurrency, #crypto","['Ethereum', 'ETH', 'Bitcoin', 'BTC', 'altcoin', 'cryptocurrency', 'crypto']",Twitter Web App,False
OLS3,,Long support - Stop - Risk management - Structure - MacD - Target - Liquidity,2022-05-03 02:00:38,59,48,1687,False,2023-03-01 23:36:24,#Bitcoin #cryptocurrencies #altcoins Anon do you see your favorite altcoin in the top 10 altcoins on the next bull run? https://t.co/hOSqiM1Ysu,"['Bitcoin', 'cryptocurrencies', 'altcoins']",Twitter Web App,False
Trackify | #1 BTC Price Action Bot,Monitoring BTCUSDT...,📈| #1 BTC Price Action Bot 🕒| Notifies every 5 minutes,2023-01-18 02:40:53,119,1,206,False,2023-03-01 23:36:19,"Bitcoin has increased 0.31% in the past 5 minutes!
Started at $23555.27
Ended at $23628.16

#BTC #crypto #bitcoin #cryptocurrency #ethereum #blockchain #eth #currency #xrp #trading #price #exchange #twitter #ltc #binance #finance","['BTC', 'crypto', 'bitcoin', 'cryptocurrency', 'ethereum', 'blockchain', 'eth', 'currency', 'xrp', 'trading', 'price', 'exchange', 'twitter', 'ltc', 'binance', 'finance']",bitcoinpricetracker,False
BlackHacks,,"Have exclusive Hacking jobs?
DM and Ask for my service.
#email #icloud #facebookdown #imessage #ransomware #snapchat #whatspp #instagram #crypto",2019-05-12 13:39:27,634,57,7,False,2023-03-01 23:36:15,"Sure For so long I have helped
So Your Condition is not even as critical as those I've Handled
Inbox me, If you still want your Account Back!!!
I'm available 24/7 for all Hacking Services
#Hack #coinbase #Hacking #bitcoin
X!!","['Hack', 'coinbase', 'Hacking', 'bitcoin']",Twitter for Android,False
Bitcoin Price Ticker,,Tweets the current price of #bitcoin every 5 minutes,2022-10-20 07:10:38,122,9,9,False,2023-03-01 23:36:13,"1₿ = $23608 2.08%📈

Details:
Change: 📈482.11$
24H Low = $23079🔻
24H High = $23884💹

#bitcoin #btc","['bitcoin', 'btc']",BitcoinLivePriceTicker,False
Trump in Crypto,Washington DC,Crypto-savvy Donald Trump sharing insights into the world of digital currency. Stay tuned for the latest from me!,2015-01-22 18:00:26,213,31,1,False,2023-03-01 23:36:07,#Bitcoin Calm before the storm! 🔥👇 https://t.co/ykqqJk5ouV,['Bitcoin'],Make (formerly Integromat),False
Crypto Flow,,Monitoring day trading timeframe crypto increased activity&order flow. Helping traders get funded to trade crypto with https://t.co/xKUQ6HXlpZ Funded Trader,2021-12-10 02:41:54,1030,2,13,False,2023-03-01 23:36:03,"#BITCOIN #BTC impulse bar 23575.52 - 23661.17

$BTC Bar close 23624.28

#Crypto short term volatility detection","['BITCOIN', 'BTC', 'Crypto']",Microsoft Power Platform,False
Live Price Crypto,,"I Tweet the latest #BTC/#ETH/#BNB/#MATIC & #StableCoins price
+Daily/Weekly Technical Indicators 

Live since 20/03/2022

@web3africa1",2022-03-10 14:06:46,4463,9,24,False,2023-03-01 23:35:55,"Daily 🚀

#BTC Last $23636

-RSI: 54
-Moving Average(20): 23406
-MA(50): 22679
-MA(200): 19737
-Bollinger B. lower/upper: 21352/25459

#ETH Last $1661

-RSI: 55
-MA(20): 1620
-MA(50): 1599
-MA(200): 1433
-BB: 1496/1745

#Crypto #Bitcoin #Ethereum
(5/16)
461028","['BTC', 'ETH', 'Crypto', 'Bitcoin', 'Ethereum']",vaiotapi,False
BitcoinAgile,Matter Doesn't Matter,"Bitcoin, Blockchain & Beyond. #bitcoin #blockchain #ethereum #cryptocurrency #crypto #trading #TA $btc $ETH Sharing latest News is Not Financial Advice",2014-01-07 23:52:46,66930,14062,10388,False,2023-03-01 23:35:40,Stup #bitcoin longo prazo for BITSTAMP:BTCUSD by ForKtheBankss $BTC https://t.co/oP9d8m3QSb https://t.co/WJHz1SBMLz,['bitcoin'],bitcoinagile,False
JumpLine,,"// NOT FINANCIAL ADVICE //

Created by @0xAphelion",2022-10-02 12:53:56,1809,1,0,False,2023-03-01 23:35:37,"BTCUSDT [5m]: Cross Above VWAP

$BTC #BTC #Bitcoin https://t.co/Ukn7y5xUUh","['BTC', 'Bitcoin']",JumpLineAlerts,False
JumpLine,,"// NOT FINANCIAL ADVICE //

Created by @0xAphelion",2022-10-02 12:53:56,1809,1,0,False,2023-03-01 23:35:37,"BTCUSDT [5m]: Upper Bollinger Band Break

$BTC #BTC #Bitcoin https://t.co/6qnw1Vn932","['BTC', 'Bitcoin']",JumpLineAlerts,False
Bitcoin Cheers,,"I tweet when BTCUSD crosses 100 multiples. #Bitcoin price is not the most important, but it sure is fun during parties. Shots! Cheers! 
🥃 🥃 🧡  🧡",2022-11-09 03:14:09,16,0,1,False,2023-03-01 23:35:36,"Shot! #HODL
1 BTC = $23600
@ 23-03-01 23:35
#bitcoin","['HODL', 'bitcoin']",Bitcoin Cheers Bot,False
Cory Boatright,Oklahoma,"https://t.co/Li4CiYznWv 💵 Investor, Coach Ⓜindset Ⓜechanics ⓂMoney 👍FREE 👇 Training👇 https://t.co/fNBYs0r5lr / https://t.co/o9yJzvqHui",2007-07-06 05:37:29,35557,29544,859,False,2023-03-01 23:35:32,'Rich Dad Poor Dad' Author Predicts World Economy Collapse: Details https://t.co/08jPwxYsOE #bitcoin,['bitcoin'],Paper.li,False
Ethereum Yoda,,"UP or DOWN...
.
.
.
.
Price matters NOT.",2022-07-24 04:50:18,576,1,0,False,2023-03-01 23:35:27,"#Ethereum price update: 

#ETH $1660.58 USD
#Bitcoin 0.07038323 #BTC

Follow for recent ETH price updates
#altcoin, #cryptocurrency, #crypto","['Ethereum', 'ETH', 'Bitcoin', 'BTC', 'altcoin', 'cryptocurrency', 'crypto']",Twitter Web App,False
The Bitcoin Clothing Company,,💥Bitcoin is Change 🔑Bitcoin is Salvation ☀️Bitcoin is Hope 💫Bitcoin is Style 👇Join us👇,2021-12-14 18:56:41,664,2260,356,False,2023-03-01 23:35:17,"Learn more about The Bitcoin Tour now at https://t.co/1Gt8RUhySx or @CaptainSiddh 

#bitcoin #btc #bitcoins #bitcoinnews #bitcointrading #bitcoinhodler #bitcoinclothing #bitcoinmining #clothing #thebitcointour #blockchain #proofofwork #finance #hardmoney #btfd #bitcoininvestment","['bitcoin', 'btc', 'bitcoins', 'bitcoinnews', 'bitcointrading', 'bitcoinhodler', 'bitcoinclothing', 'bitcoinmining', 'clothing', 'thebitcointour', 'blockchain', 'proofofwork', 'finance', 'hardmoney', 'btfd', 'bitcoininvestment']",Twitter Web App,False
Trader Jet Telegram Bot,,"The best assistant for #scalping on #Binance with more than 15 modules and #autotrading #ai system.

Have #RU and #EN versions!

Join for free 3 days trial 👇",2022-06-21 09:02:15,907,14,300,False,2023-03-01 23:35:11,"✅ #PUMP $RNDR! +1.208% in 15 seconds
Current price: 1.5583$!

 Follow and like for more signals!
87 #ai #cryptocurrency #BUSD #crypto #finance #altcoins #binance #bitcoin #btc #RNDR https://t.co/8AxhjM7XS6","['PUMP', 'ai', 'cryptocurrency', 'BUSD', 'crypto', 'finance', 'altcoins', 'binance', 'bitcoin', 'btc', 'RNDR']",TwitterLikeRt_Nik,False
Sam || Summer AU,,Satira Putri,2022-12-21 06:39:48,0,1,0,False,2023-03-01 23:35:10,#bitcoin fixes this.,['bitcoin'],Twitter Web App,False
BitValve P2P Crypto Exchange,,"Buy and Sell Crypto for Gift Cards, PayPal, Bank Transfers and many payment methods.",2018-11-19 11:08:44,8068,1627,367,False,2023-03-01 23:35:09,"From HODL to Shilling: A Guide to Cryptocurrency Slang #bitcoin #blockchain #cryptocurrency #cryptos #cryptoworld #fomo #fud #hodl #slang

https://t.co/Vx7spbZMSM https://t.co/j5EMhTwapP","['bitcoin', 'blockchain', 'cryptocurrency', 'cryptos', 'cryptoworld', 'fomo', 'fud', 'hodl', 'slang']",Blog2Social APP,False
tictoknextblock,,Real-time bitcoin  insights,2021-07-01 03:29:10,284,17,2,False,2023-03-01 23:35:05,"🟩 Block 778888 ⛏ ⛏

📅 1st Mar 2023, 23:34:46 GMT

📣 2,288 tx with a value of 3,110.838 ₿ ($73.38m 🇺🇸)

📣 distributed to 5,458 recipients 💎🙌

📣 19,305,556.25 ₿ (91.93122%) mined ⛏

📣 1,694,443.75 ₿ remaining 💰

#bitcoin #tictoknextblock","['bitcoin', 'tictoknextblock']",tictoknextblock,False
AkinHack,United States,Professional Recovery Services | •Crypto | •iCloud ID | •Instagram | Snapchat | DM 247| •Account Recovery | •iMessage | spying | Follow and Inbox Me | •NotFree,2014-11-08 04:50:03,197,48,13,False,2023-03-01 23:35:04,"Your Condition is not even as critical as those I've Handled
Inbox me, If you still want your Account 
I'm available 24/7 for all Hacking Services.
#Hack #coinbase #Hacking #bitcoin #BEP2","['Hack', 'coinbase', 'Hacking', 'bitcoin', 'BEP2']",Twitter for Android,False
LiqsRush | Crypto Liquidations Feed,,#Cryptocurrency liquidations feed for perpetual future swaps on the top #crypto exchanges. #BTC #ETH #Altcoins,2022-05-25 18:49:25,1184,3,5,False,2023-03-01 23:35:02,"🟢 $1.0M Combined #Bitcoin #BTC SHORT LIQUIDATIONS in the Last Minute.
•Bybit: $947.5K
•Huobi: $52.3K
•Binance: $37.2K","['Bitcoin', 'BTC']",CurrencyRushTweetBots,False
Trader Jet Telegram Bot,,"The best assistant for #scalping on #Binance with more than 15 modules and #autotrading #ai system.

Have #RU and #EN versions!

Join for free 3 days trial 👇",2022-06-21 09:02:15,907,14,300,False,2023-03-01 23:34:57,"🩸 #DUMP $RNDR! -0.799% in 15 seconds
Current price: 1.5397$!

 Follow and like for more signals!
69 #ai #cryptocurrency #BUSD #crypto #finance #altcoins #binance #bitcoin #btc #RNDR https://t.co/toLhyoeEeI","['DUMP', 'ai', 'cryptocurrency', 'BUSD', 'crypto', 'finance', 'altcoins', 'binance', 'bitcoin', 'btc', 'RNDR']",TwitterLikeRt_Nik,False
Crypto Talkies - Sentiment Analysis Tool,Global,"Crypto Talkies is a ""Blockchain Data Aggregator"" Mobile Application it helps you to bring crypto information at earliest.
Download: https://t.co/TmUdihefJe",2022-02-13 18:57:42,394,119,87,False,2023-03-01 23:34:50,Bitcoin mining stocks were mostly lower on Wednesday. #BTC #Bitcoin #CryptoNews #cryptomarket #ChatGPT #openai Sentiment Result : Neutral @crypto_talkies https://t.co/q8fPjyapUI,"['BTC', 'Bitcoin', 'CryptoNews', 'cryptomarket', 'ChatGPT', 'openai']",CryptoTalkies,False
songjun xie,,🍀Manz-Melzone// Al-ghazali🍀,2023-02-07 09:36:10,0,0,0,False,2023-03-01 23:34:47,Do you think #Bitcoin has bottomed?,['Bitcoin'],Twitter Web App,False
Kaspa_and_only_Kaspa,,,2022-08-16 06:19:18,132,348,170,False,2023-03-01 23:34:42,"$KAS #Kaspa I'll meet you guys there!

#crypto #cryptoworld #cryptocurrency #Bitcoin #Ethereum https://t.co/7pW7RlB9LW","['Kaspa', 'crypto', 'cryptoworld', 'cryptocurrency', 'Bitcoin', 'Ethereum']",Twitter for Android,False
Queensland_HODL,Straya 🇦🇺🦘🐨,"Pleb class 2020. Bear market thriving.
Fiat minimalist. Non-toxic #Bitcoin⚡. Node-runner. Weekly boating accidents ⚡🦍🦀🚀",2021-02-11 07:57:45,1879,4998,73176,False,2023-03-01 23:34:40,"In completely unrelated news, I bought more #Bitcoin today https://t.co/ZKEHo0hoxS",['Bitcoin'],Twitter for Android,False
TerminalProTools,,,2022-11-05 16:47:16,22,36,541,False,2023-03-01 23:34:38,"Everyone should have the option to use  #bitcoin as a payment. 

No country should step into this type of technology, it is for the people not the governments and peeps in suites. 

#Global","['bitcoin', 'Global']",Twitter for iPhone,False
Harvinder Bhogal,"London, England","I post Daily Trading Analysis Videos on Bitcoin & Crypto.
👇🏼 Learn how to trade Bitcoin - Join my FREE Facebook Group 👇🏼
https://t.co/wRCrCBUBoL",2014-08-12 08:32:26,973,5,539,False,2023-03-01 23:34:29,"Still expecting a small bounce down before a strong bounce up..

#Bitcoin #TradingAnalysis #DailyChart #LogChart 01/03/23 21:46

#crypto #ta #charts #cryptocurrency #howtotrade #howtotradecrypto https://t.co/GePRXXSAfY","['Bitcoin', 'TradingAnalysis', 'DailyChart', 'LogChart', 'crypto', 'ta', 'charts', 'cryptocurrency', 'howtotrade', 'howtotradecrypto']",Twitter Web App,False
BNB Price Tracker,,#BNB #BNBTracker #BinanceCoin #Binance,2022-07-11 05:24:30,492,5,0,False,2023-03-01 23:34:28,"#BinanceCoin price update: $BNB

#BNB $302.18 USD

#Bitcoin 0.01282 BTC

#Ethereum 0.18225 ETH

#altcoin #crypto #cryptocurrency

Follow for recent BNB price updates","['BinanceCoin', 'BNB', 'Bitcoin', 'Ethereum', 'altcoin', 'crypto', 'cryptocurrency']",Twitter Web App,False
Trader Jet Telegram Bot,,"The best assistant for #scalping on #Binance with more than 15 modules and #autotrading #ai system.

Have #RU and #EN versions!

Join for free 3 days trial 👇",2022-06-21 09:02:15,907,14,300,False,2023-03-01 23:34:28,"✅ #PUMP $RNDR! +1.596% in 15 seconds
Current price: 1.5595$!

 Follow and like for more signals!
19 #ai #cryptocurrency #BUSD #crypto #finance #altcoins #binance #bitcoin #btc #RNDR https://t.co/oA3J14Ai46","['PUMP', 'ai', 'cryptocurrency', 'BUSD', 'crypto', 'finance', 'altcoins', 'binance', 'bitcoin', 'btc', 'RNDR']",TwitterLikeRt_Nik,False
Ethereum Yoda,,"UP or DOWN...
.
.
.
.
Price matters NOT.",2022-07-24 04:50:18,576,1,0,False,2023-03-01 23:34:27,"#Ethereum price update: 

#ETH $1658.05 USD
#Bitcoin 0.07031940502586218 #BTC

Follow for recent ETH price updates
#altcoin, #cryptocurrency, #crypto","['Ethereum', 'ETH', 'Bitcoin', 'BTC', 'altcoin', 'cryptocurrency', 'crypto']",Twitter Web App,False
Tom⚡,👇 Review Bitcoin Products ,"Building with #Bitcoin and Lightning ⚡
Co-founder of Apollo. @apollosats.

Nostr: npub1xqp7ktjtav34zhdvqzdxhm3gvmkak6q9vr60ukvrshxe8xj67wlsvpd8s7",2022-07-21 20:54:47,7117,2229,1287,False,2023-03-01 23:34:06,"#Bitcoin adoption happens because all it takes is a small number of intolerant virtuous people with skin in the game, in the form of courage, for society to function properly.

This is the minority rule.

Ironically, @nntaleb explains it perfectly.",['Bitcoin'],Twitter Web App,False
Duncan,🇿🇦,DM'S =SPAM REPORT=BLOCK.....I don't know you and I ain't planing to find out who you are.....so F............off,2020-06-08 18:21:09,574,3369,37494,False,2023-03-01 23:33:59,"@cryptorebel_SV @alanbwt That's always thre agenda confusing the public
#Btc is a fork of #Bitcoin ""I know they don't like to hear it""
But it's a fact!!!!","['Btc', 'Bitcoin']",Twitter for Android,False
BlackHacks,,"Have exclusive Hacking jobs?
DM and Ask for my service.
#email #icloud #facebookdown #imessage #ransomware #snapchat #whatspp #instagram #crypto",2019-05-12 13:39:27,634,57,7,False,2023-03-01 23:33:44,"Your Condition is not even as critical as those I've Handled
Inbox me, If you still want your Account Back!!!
I'm available 24/7 for all Hacking Services
#Hack #coinbase #Hacking #bitcoin #BEP2
X","['Hack', 'coinbase', 'Hacking', 'bitcoin', 'BEP2']",Twitter for Android,False
Ru ⚡︎ ࿊,USA,#Bitcoin | #𝓕𝓲𝓷𝓪𝓷𝓬𝓮 | your🧊 is melting,2021-11-14 12:05:37,1128,1122,5232,False,2023-03-01 23:33:37,"When it’s frictionless and convenient, are we gonna miss the tedious lines and irritated bank teller interactions? 

Things i wonder. #Bitcoin",['Bitcoin'],Twitter for iPhone,False
Aruna,,"- Clean, renewable, inexhaustible and sustainable energy. - Take a tour on Aruna at the link below ⤵️",2023-01-27 18:47:01,1264,6,11,False,2023-03-01 23:33:35,"Aruna ended up at CoinTiger 🔥

#ARUNAcoin #cryptocurrency #decentralizedfinance
#investing #trading #stockmarket
#finance #wealthmanagement #money #cryptocurrency
#forex #entrepreneur #personalfinance #bitcoin #crypto
#blockchain #altcoins #cryptotrading #hodl #ethereum https://t.co/PMn7oxaSmK","['ARUNAcoin', 'cryptocurrency', 'decentralizedfinance', 'investing', 'trading', 'stockmarket', 'finance', 'wealthmanagement', 'money', 'cryptocurrency', 'forex', 'entrepreneur', 'personalfinance', 'bitcoin', 'crypto', 'blockchain', 'altcoins', 'cryptotrading', 'hodl', 'ethereum']",Twitter for iPhone,False
Ethereum Yoda,,"UP or DOWN...
.
.
.
.
Price matters NOT.",2022-07-24 04:50:18,576,1,0,False,2023-03-01 23:33:26,"#Ethereum price update: 

#ETH $1657.41 USD
#Bitcoin 0.07038693 #BTC

Follow for recent ETH price updates
#altcoin, #cryptocurrency, #crypto","['Ethereum', 'ETH', 'Bitcoin', 'BTC', 'altcoin', 'cryptocurrency', 'crypto']",Twitter Web App,False
AkinHack,United States,Professional Recovery Services | •Crypto | •iCloud ID | •Instagram | Snapchat | DM 247| •Account Recovery | •iMessage | spying | Follow and Inbox Me | •NotFree,2014-11-08 04:50:03,197,48,13,False,2023-03-01 23:33:21,"If you need Help Recovering from Hack and Unauthorised Access.
Account Hack, Wallet Hack, Tiktok, Instagram, Facebook, Bitcoin, Coinbase...#instagram #hack #needhelp #help #craftsmanship #tiktok #socialmedia #bitcoin #coinbase.","['instagram', 'hack', 'needhelp', 'help', 'craftsmanship', 'tiktok', 'socialmedia', 'bitcoin', 'coinbase']",Twitter for Android,False
ShibaCrypto,,"“don’t trust, verify” (não confie, verifique) 👨‍💻",2013-06-01 01:50:11,588,1765,311,False,2023-03-01 23:33:14,"@nayibbukele  studies the tokenization of companies and the usability of the blockchain for everything in his country, mainly in political transfer. you can be the first to promote an election using blockchain transfer.

#Bitcoin #Ethereum #BONE #Shib #Leash https://t.co/2JxTxXSgek","['Bitcoin', 'Ethereum', 'BONE', 'Shib', 'Leash']",Twitter for Android,False
Bangun Arya,,"airdrop Indonesia
#BTC #BSC #ETH",2020-11-05 14:26:22,185,309,9297,False,2023-03-01 23:33:11,"@AirdropStario Good project and hopefully the future projects will be even better

@Rofeq_cok
@Bintang090806
@ARIFSU12345
@ArLut13
@Bambang140200
@guntur180200
@friston131

#cryptocurrency #Airdrop #BSC #Bitcoin #USDT #VoiceAI #Airdropstario","['cryptocurrency', 'Airdrop', 'BSC', 'Bitcoin', 'USDT', 'VoiceAI', 'Airdropstario']",Twitter for Android,False
Technical Analysis 4 Crypto,,"Technical analysis insights for #trading on #cryptocurrencies every 30 minutes.
Tracking 300+ #Binance #USDT markets. No investment advice.",2022-03-17 11:22:00,6423,44,599,False,2023-03-01 23:32:56,"Last #cryptomarket technical insights &amp; report ➡️ https://t.co/iKlWML8qVA
#Binance $USDT markets | Last update on 01/03/2023 @ 11:32pm UTC
#bitcoin #ethereum #cryptocurrencies #cryptotrading #cryptostats #technicalanalysis #trading #tradingtips #tradingsignals","['cryptomarket', 'Binance', 'bitcoin', 'ethereum', 'cryptocurrencies', 'cryptotrading', 'cryptostats', 'technicalanalysis', 'trading', 'tradingtips', 'tradingsignals']",TheCryptoTABot,False
Cryptocurrency Price Predictions,,"Love CRYPTO💖
Follow & create a Binance account
Tip me if you like
#BTC #ETH #ADA #SOL #XRP #BNB #DOGE #AVAX #TRX #MATIC #Binance #prediction",2020-05-24 06:50:59,4263,1381,1833,False,2023-03-01 23:32:51,"BITCOIN PRICE PREDICTION

PRICE : RISE⤴ in 60 min.
BUY 0.212 BTC for $23,571.25 apiece on Binance
Target price : $24,042.67
Amount: $4,997

#Bitcoin #BTC #prediction #Binance https://t.co/DQcQIFk92v","['Bitcoin', 'BTC', 'prediction', 'Binance']",Crypto_Arbitrage,False
Q,United Kingdom,"Saitama/SaitaRealty Holder.
MaziMatic NFT Holder, Referral Code: maziarmyLeSRBRb9uj",2013-11-15 02:58:06,3378,4710,59714,False,2023-03-01 23:32:43,"#Saitama #SaitamaWolfPack #SaitaPro
#Crypto #CryptoCurrency #SaitaWolves #ETH #Bitcoin #PaperVillage
#SaitamaToken
#BESUMMIT #SaitaRealty #SAITAMACOMMUNITY #SaitamaLLC #MetaVerse #WeAreSaitama

#UseSaitaPro #NFT #NFTs #NFTCommunity #SaitaCard

💜🐺💜WOLF🐺PACK💜🐺💜 https://t.co/LG0sAfUz5s","['Saitama', 'SaitamaWolfPack', 'SaitaPro', 'Crypto', 'CryptoCurrency', 'SaitaWolves', 'ETH', 'Bitcoin', 'PaperVillage', 'SaitamaToken', 'BESUMMIT', 'SaitaRealty', 'SAITAMACOMMUNITY', 'SaitamaLLC', 'MetaVerse', 'WeAreSaitama', 'UseSaitaPro', 'NFT', 'NFTs', 'NFTCommunity', 'SaitaCard']",Twitter for Android,False
Jake Jones,,"Head of Net. Infr. at BA
IPv6 Multicast *
Opinions are my own
Start here: https://t.co/eKNRlfFbIk
Then: https://t.co/svYhnxa9LW
Then: https://t.co/0nkEFCZdBn
Then: https://t.co/BTjtIBmcq2",2017-11-20 23:03:05,583,411,17829,False,2023-03-01 23:32:43,"Another important thread

#Bitcoin #BitcoinSV #BSV $BSV https://t.co/iHEjswJjDe","['Bitcoin', 'BitcoinSV', 'BSV']",Twitter Web App,False
BNB Price Tracker,,#BNB #BNBTracker #BinanceCoin #Binance,2022-07-11 05:24:30,492,5,0,False,2023-03-01 23:32:27,"#BinanceCoin price update: $BNB

#BNB $302.02 USD

#Bitcoin 0.01282 BTC

#Ethereum 0.18225 ETH

#altcoin #crypto #cryptocurrency

Follow for recent BNB price updates","['BinanceCoin', 'BNB', 'Bitcoin', 'Ethereum', 'altcoin', 'crypto', 'cryptocurrency']",Twitter Web App,False
Ethereum Yoda,,"UP or DOWN...
.
.
.
.
Price matters NOT.",2022-07-24 04:50:18,576,1,0,False,2023-03-01 23:32:26,"#Ethereum price update: 

#ETH $1657.17 USD
#Bitcoin 0.0703212123372424 #BTC

Follow for recent ETH price updates
#altcoin, #cryptocurrency, #crypto","['Ethereum', 'ETH', 'Bitcoin', 'BTC', 'altcoin', 'cryptocurrency', 'crypto']",Twitter Web App,False
Francesca,,Agent Francesca-OG 🇮🇹 italiana… people are angry I tell the truth. ♥️ All things crypto investigation 🕵️‍♀️,2013-11-15 14:28:05,638,460,171,False,2023-03-01 23:32:25,I want to buy an Ordinal but can't decide which one to start with 🙈🥹#OrdinalNFTs #delicious #nft #Bitcoin https://t.co/RkaJfl3GOL,"['OrdinalNFTs', 'delicious', 'nft', 'Bitcoin']",Twitter for iPhone,False
Gazkui -tu,"London, England","The trick, William Potter, is not minding that it hurts",2021-07-12 19:28:19,2344,36,106,False,2023-03-01 23:32:21,$GRAIL about to pump. BUY NOW #Bitcoin,['Bitcoin'],Twitter for Android,False
Q,United Kingdom,"Saitama/SaitaRealty Holder.
MaziMatic NFT Holder, Referral Code: maziarmyLeSRBRb9uj",2013-11-15 02:58:06,3378,4710,59714,False,2023-03-01 23:32:12,"#Saitama #SaitamaWolfPack #SaitaPro
#Crypto #CryptoCurrency #SaitaWolves #ETH #Bitcoin #PaperVillage
#SaitamaToken
#BESUMMIT #SaitaRealty #SAITAMACOMMUNITY #SaitamaLLC #MetaVerse #WeAreSaitama

#UseSaitaPro #NFT #NFTs #NFTCommunity #SaitaCard

💜🐺💜WOLF🐺PACK💜🐺💜 https://t.co/bryJXKmb8G","['Saitama', 'SaitamaWolfPack', 'SaitaPro', 'Crypto', 'CryptoCurrency', 'SaitaWolves', 'ETH', 'Bitcoin', 'PaperVillage', 'SaitamaToken', 'BESUMMIT', 'SaitaRealty', 'SAITAMACOMMUNITY', 'SaitamaLLC', 'MetaVerse', 'WeAreSaitama', 'UseSaitaPro', 'NFT', 'NFTs', 'NFTCommunity', 'SaitaCard']",Twitter for Android,False
Chris ₿⚡,,•ʙʀᴇᴀᴋɪɴɢ ɴᴇᴡs ᴀɴᴅ ᴄᴏᴍᴍᴇɴᴛᴀʀʏ ᴏɴ #bitcoin & ᴘᴏʟɪᴛɪᴄs📰 •ɪɴ ᴍʏ ғʀᴇᴇ ᴛɪᴍᴇ ɪ'ᴍ ᴄʜᴇᴄᴋɪɴɢ ᴡʜᴏ ɪs ʟʏɪɴɢ ᴛᴏ ᴛʜᴇ ᴡᴏʀʟᴅ •🇬🇷🇨🇾,2018-01-28 11:51:52,4027,3594,7388,False,2023-03-01 23:32:08,"🇨🇭Mayor of Lugano in Switzerland: ""#Bitcoin belongs to everyone."" 🧡 https://t.co/aWMD9Bst9q",['Bitcoin'],Twitter Web App,False
Bangun Arya,,"airdrop Indonesia
#BTC #BSC #ETH",2020-11-05 14:26:22,185,309,9297,False,2023-03-01 23:32:00,"Good project and hopefully the future projects will be even better

@Rofeq_cok
@Bintang090806
@ARIFSU12345
@ArLut13
@Bambang140200
@guntur180200
@friston131

#Cryptocurency #BNB #BinanceSmartChain #Bitcoin #Ethereum #SHIB #Dogecoin https://t.co/1wJBKM7bMZ","['Cryptocurency', 'BNB', 'BinanceSmartChain', 'Bitcoin', 'Ethereum', 'SHIB', 'Dogecoin']",Twitter for Android,False
MAC ₿,,"#bitcoin, $sats, #nostr npub12rne64twevx224gmzglur3lg9nj5r7n9v7ld9syauevz73a9en3shswfg9",2018-08-27 22:57:33,1522,1386,33765,False,2023-03-01 23:31:53,Anybody else not able to buy #bitcoin on cashapp right now ?,['bitcoin'],Twitter for iPhone,False
Q,United Kingdom,"Saitama/SaitaRealty Holder.
MaziMatic NFT Holder, Referral Code: maziarmyLeSRBRb9uj",2013-11-15 02:58:06,3378,4710,59714,False,2023-03-01 23:31:52,"#Saitama #SaitamaWolfPack #SaitaPro
#Crypto #CryptoCurrency #SaitaWolves #ETH #Bitcoin #PaperVillage
#SaitamaToken
#BESUMMIT #SaitaRealty #SAITAMACOMMUNITY #SaitamaLLC #MetaVerse #WeAreSaitama

#UseSaitaPro #NFT #NFTs #NFTCommunity #SaitaCard

💜🐺💜WOLF🐺PACK💜🐺💜 https://t.co/mEVlfUG5PD","['Saitama', 'SaitamaWolfPack', 'SaitaPro', 'Crypto', 'CryptoCurrency', 'SaitaWolves', 'ETH', 'Bitcoin', 'PaperVillage', 'SaitamaToken', 'BESUMMIT', 'SaitaRealty', 'SAITAMACOMMUNITY', 'SaitamaLLC', 'MetaVerse', 'WeAreSaitama', 'UseSaitaPro', 'NFT', 'NFTs', 'NFTCommunity', 'SaitaCard']",Twitter for Android,False
Bangun Arya,,"airdrop Indonesia
#BTC #BSC #ETH",2020-11-05 14:26:22,185,309,9297,False,2023-03-01 23:31:48,"@VoiceAIOfficial Good project and hopefully the future projects will be even better

@Rofeq_cok
@Bintang090806
@ARIFSU12345
@ArLut13
@Bambang140200
@guntur180200
@friston131

#Cryptocurency #BNB #BinanceSmartChain #Bitcoin #Ethereum #SHIB #Dogecoin","['Cryptocurency', 'BNB', 'BinanceSmartChain', 'Bitcoin', 'Ethereum', 'SHIB', 'Dogecoin']",Twitter for Android,False
CJK,Free Market @ Internet Economy,Tweets on #Bitcoin as reserve asset of internet economy • Make Real Estate Great Again @PeoplesReserve A Market Maker for #WeThePeople $PRN • @btcFairValue,2011-12-11 03:29:00,996,332,2722,False,2023-03-01 23:31:47,@SimplyBitcoinTV @CoinJoinDay #Bitcoin gets me going! https://t.co/Jzl9HA4uqA,['Bitcoin'],Twitter for Android,False
"Cantori.eth ( 🥃,🦉)",Web3,Italian Entrepreneur 🇮🇹 | $ETH and $BTC               Co-Founder @0xDomus,2020-12-25 15:24:01,1303,513,32131,False,2023-03-01 23:31:40,"Day 1 of ♾️
Hey everyone, I'm excited to announce my new obsession: @BitcoinShrooms ! 🍄 From now on, I'll be posting about them every day until I gain access to the exclusive Discord community. Join me on this journey. 
#bitcoin #bitcoinshrooms #ordinals","['bitcoin', 'bitcoinshrooms', 'ordinals']",Twitter for iPhone,False
AKA ₿,,#Bitcoin es esperanza.,2023-02-08 04:42:59,64,7,380,False,2023-03-01 23:31:34,@stacyherbert You are looking at how the paper hands are selling your #Bitcoin to you. 😁🚀🧡,['Bitcoin'],Twitter for Android,False
50 Shades of Green,Worldwide,https://t.co/iYRvrqvS9q 🌴 The future's uncertain & the end is always near. Green Tech mixed with #CannabisLegal meets #Nootropics. Nature Heals 🍄,2021-10-24 19:25:43,1120,4068,931,False,2023-03-01 23:31:29,South Korea Has A New President And He Likes #Crypto https://t.co/dJpr8yO7Xn #altcoinseason #Polkadot #NFTs #Bitcoin #NFTArt #Blockchain #SouthKorea #DODGE #50ShadesofGreen,"['Crypto', 'altcoinseason', 'Polkadot', 'NFTs', 'Bitcoin', 'NFTArt', 'Blockchain', 'SouthKorea', 'DODGE', '50ShadesofGreen']","Cheap Bots, Done Quick!",False
Joe Stevens,Space,"Crypto is the Future
Nothing I Say or Tweet is Financial Advise
Tweets NFA DYOR",2022-07-16 19:06:10,103,34,1133,False,2023-03-01 23:31:27,"These people need
To be removed
And put in jail

I don’t work for anyone
But myself
#taxation is #Theft 

#BTC #Bitcoin #THETA #TFUEL 
#GOLD #Silver https://t.co/xEtckNYtP5","['taxation', 'Theft', 'BTC', 'Bitcoin', 'THETA', 'TFUEL', 'GOLD', 'Silver']",Twitter Web App,False
Ethereum Yoda,,"UP or DOWN...
.
.
.
.
Price matters NOT.",2022-07-24 04:50:18,576,1,0,False,2023-03-01 23:31:25,"#Ethereum price update: 

#ETH $1657.2 USD
#Bitcoin 0.07037266 #BTC

Follow for recent ETH price updates
#altcoin, #cryptocurrency, #crypto","['Ethereum', 'ETH', 'Bitcoin', 'BTC', 'altcoin', 'cryptocurrency', 'crypto']",Twitter Web App,False
NEO,The Matrix,"DJ & Music Producer, Video Creator, Co-Founder of https://t.co/28TrKZ2XK4, Telos & Appics Ambassador.",2018-09-30 18:59:01,1041,311,19483,False,2023-03-01 23:31:22,"Complete quests, share content,  earn XP and win $1000 rewards worth of $TLOS 🤑🚀

@HelloTelos x @crew3xyz 🥳🔥

⬇️ More info in a video below ⬇️

#Crypto #Telos #Play2Earn #NFTs #Video #DeFi #CryptoGiveaway #Bitcoin    #Ethereum https://t.co/zsJWrX9JVF","['Crypto', 'Telos', 'Play2Earn', 'NFTs', 'Video', 'DeFi', 'CryptoGiveaway', 'Bitcoin', 'Ethereum']",Twitter for Android,False
